T,K(cr),K(L),KOH(a),KOH(b),KOH(L),K2O2(s),K2O(s),KO2(s),H2O(s),H2O(L),Electron,H,H+,H-,HO2,H2,H2+,H2-,H2O,H2O+,H2O2,H3O+,K,K+,KH,KO,KO-,KOH,KOH+,K2,K2O2H2,O,O+,O-,OH,OH+,OH-,O2,O2+,O2-,O3
500,0.0,0.0,0.0,0.0,0.0,0.0,0.0,0.0,0.0,0.0,5.7724809555739446e-30,7.0029477125981585e-22,1.9613482018342026e-131,2.1504175267530685e-42,2.0816389528422884e-76,0.9999999999997998,8.519426256164748e-128,4.336847910781555e-53,1.9999983601407591e-13,1.9904490396599073e-112,5.024891118753164e-63,5.904075498351716e-75,9.999028993392313e-14,5.77248095559057e-30,9.545905251339911e-18,9.767696012592396e-49,5.898326832584666e-56,1.6397835599114759e-19,1.235278893346262e-66,8.74507527665153e-23,3.784018307082372e-24,3.0775079133869597e-61,5.896743159368727e-171,1.8423802355219477e-74,1.3757395512076482e-40,7.454492982063222e-143,1.4231573931368172e-50,6.954062340123718e-74,8.011790162847128e-168,4.265153675002091e-97,6.951375700480175e-128
600,0.0,0.0,0.0,0.0,0.0,0.0,0.0,0.0,0.0,0.0,3.208117474267896e-26,4.651889642293737e-18,2.5834779990038882e-108,2.7214923159684966e-36,1.028332656299796e-67,0.9999999999998,2.0022203628896455e-105,2.488819096218708e-45,1.9999999260296234e-13,8.852031752111875e-95,6.03498747495015e-57,4.960891753491555e-64,9.996356866674544e-14,3.208117474540047e-26,3.642391699155136e-17,8.618668075289741e-45,5.351136403537569e-52,7.397037685243567e-21,6.505556224367848e-59,9.59663792022423e-24,3.411572693626985e-30,1.2791556380898724e-52,5.099710219437361e-143,9.335572463694974e-65,1.1909669826422661e-35,8.557273955106991e-120,3.675520944676831e-45,2.2319682469592407e-65,1.443271820999369e-142,9.227098305164888e-86,1.164735217396252e-112
700,0.0,0.0,0.0,0.0,0.0,0.0,0.0,0.0,0.0,0.0,1.5634032499079744e-23,2.544289677115224e-15,8.851150122622882e-92,6.14043121232606e-32,1.7307370512758887e-61,0.9999999999997986,1.9758151987942436e-89,8.486282125062555e-40,1.999999991674547e-13,3.687720626908244e-82,1.366873120243174e-52,3.1898675872263513e-56,9.990536171124803e-14,1.5634032560484054e-23,9.463743664679839e-17,5.830606627344994e-42,3.582759443094337e-49,8.325452999887537e-22,2.2629166955688e-53,1.9629015722600527e-24,1.7048925308054777e-34,1.9089295984468954e-46,4.928989307277608e-123,8.064818209188971e-58,4.096664181201009e-32,2.671019257030031e-103,2.676356089975883e-41,2.8002773011916486e-59,1.713671358422184e-124,1.1854613282420888e-77,9.4868666414517e-102
800,0.0,0.0,0.0,0.0,0.0,0.0,0.0,0.0,0.0,0.0,1.6578428600838181e-21,2.9156566380991745e-13,2.3102592356116793e-79,1.1197260956959685e-28,8.310653489214693e-57,0.999999999999654,2.010399666860056e-77,1.18058554094737e-35,1.9999999983492492e-13,1.10189342866395e-72,2.5815445629624913e-49,2.3193933656830075e-50,9.980632178602144e-14,1.6578429720564396e-21,1.9367638987520776e-16,7.878304806174342e-40,4.6954514600649565e-47,1.6507505931893996e-22,3.3846733883931884e-49,5.926606681961318e-25,1.0458819237394495e-37,8.381045348257879e-42,5.050840965001699e-108,1.2916460590506073e-52,1.8675375924763774e-29,6.516058991247937e-91,2.0922239276216748e-38,1.0882328966148943e-54,6.52611951847454e-111,1.4564219802731408e-71,1.5364687373498964e-93
900,0.0,0.0,0.0,0.0,0.0,0.0,0.0,0.0,0.0,0.0,6.343412038794434e-20,1.1766872431125474e-11,1.0792420865978021e-69,3.8196057594429264e-26,3.7108698139011273e-53,0.9999999999939165,4.489130090179622e-68,1.951321456637354e-32,1.9999999995242455e-13,2.6316271730745984e-65,9.283917245654791e-47,8.505001993498193e-46,9.966172404384608e-14,6.343415858402146e-20,3.3821247395824885e-16,3.6240617795616275e-38,2.0720206632052672e-45,4.757332938754702e-23,6.175940571596179e-46,2.318804305689219e-25,3.4060529564299636e-40,3.48972336257242e-38,2.4802283336213824e-96,1.4456072385428925e-48,2.2061318075659416e-27,2.890922945439421e-81,3.69246497921769e-36,4.1461996570455056e-51,2.488104836957401e-100,8.025390791727102e-67,3.898599724375121e-87
1000,0.0,0.0,0.0,0.0,0.0,0.0,0.0,0.0,0.0,0.0,1.186928689242114e-18,2.2844403523982724e-10,6.001710817592418e-62,4.031924122918108e-24,3.1325069326466896e-50,0.9999999998855776,1.3782575643137558e-60,7.270820286170723e-30,1.9999999998212995e-13,2.1351999891467695e-59,1.0434791320152638e-44,3.8550777627389166e-42,9.947023514207721e-14,1.1869327211735078e-18,5.285779072152756e-16,7.821430236293874e-37,4.263991233347839e-44,1.7768998037774165e-23,2.5733763707043383e-43,1.0867704712558154e-25,3.56008646267334e-42,2.784407186719991e-35,5.752662015901382e-87,2.507888050831526e-45,1.0105918278570588e-25,1.5431132171660944e-73,2.2985187165835135e-34,3.095388498917339e-48,7.497364647577996e-92,5.017654377012901e-63,5.356039076906799e-82
1100,0.0,0.0,0.0,0.0,0.0,0.0,0.0,0.0,0.0,0.0,1.3181997470264366e-17,2.6025259803239595e-09,1.3275829965661279e-55,1.8140838756072257e-22,7.854663511772503e-48,0.9999999986985366,1.870947614375816e-54,9.17753215254379e-28,1.999999999896801e-13,1.4784969026251026e-54,5.02504329541401e-43,3.8208319369009604e-39,9.92248410775948e-14,1.3182178879569689e-17,7.619767354107054e-16,9.714876995967238e-36,5.033842395834903e-43,7.99889629252074e-24,3.6515689434265653e-41,5.801229910677863e-26,8.668043859997472e-44,6.664016421917236e-33,2.7053052009233344e-79,1.119820311014809e-42,2.321022137221039e-24,3.299974892730225e-67,6.703611650226574e-33,7.038124808524153e-46,6.65479135267857e-85,6.426556594144902e-60,8.776666914311357e-78
1200,0.0,0.0,0.0,0.0,0.0,0.0,0.0,0.0,1.981918013790354e-13,0.0,9.886743584924878e-17,1.9864449871091948e-08,2.6122477785668296e-50,4.305119299931588e-21,6.46550046125168e-50,0.9999999900675742,2.4469824113568074e-49,5.144785357264879e-26,1.808198620640342e-15,1.4603285493559666e-52,1.0459594350997758e-45,1.0949750825620212e-38,9.886807797301282e-14,9.887174101999656e-17,1.0330502858616032e-15,7.193731464023874e-37,3.536306477409469e-44,3.7372188220910543e-26,2.0829374285379567e-41,3.4065939749848705e-26,3.2422015070470956e-49,5.8342059218517976e-33,6.165915445260965e-75,1.631628306191981e-42,2.8687008407888155e-25,5.7044630113011476e-64,1.0005781869703398e-33,5.3491518540851845e-48,3.422758956717331e-83,2.0441045366932355e-61,2.147107882753685e-80
1300,0.0,0.0,0.0,0.0,0.0,0.0,0.0,0.0,1.99999999998998e-13,0.0,5.469956071871571e-16,1.1135742840400027e-07,7.993814761063705e-46,6.237341193382539e-20,9.89792760407167e-67,0.9999999443210851,5.2942992989664995e-45,1.5428505765595823e-24,1.0020143520124584e-24,2.1374020695319688e-58,5.004482795520886e-63,8.012882246965087e-46,9.812122425289839e-14,5.470579821419416e-16,1.3317177649168946e-15,2.3605121560707224e-45,1.098392203188154e-52,1.1852952953567486e-35,3.8915274197857754e-49,2.1382177288937633e-26,7.346092213148646e-69,1.5588194263916459e-40,9.067426771448361e-79,6.639550729157155e-50,1.4570504397952149e-33,9.43502556621238e-69,5.899717720033589e-42,7.663418580135583e-65,8.627532112749118e-97,9.741466459732654e-78,3.5229407496692906e-105
1400,0.0,0.0,0.0,0.0,0.0,0.0,0.0,0.0,2e-13,0.0,2.368153904812123e-15,4.89617208613025e-07,5.69456694645299e-42,6.098953394997346e-19,1.1919672076917697e-90,0.9999997551911948,2.799921035523788e-41,2.815119003320729e-23,2.053863847337991e-37,3.811089792436036e-68,2.2249752095250853e-87,1.095910552894097e-56,9.599956353299549e-14,2.3687638283028127e-15,1.6316726386740328e-15,2.19429390471478e-57,9.599604539977247e-65,1.488920741658698e-48,1.6323667977128782e-60,1.382569359783784e-26,3.237882720933871e-95,8.89843175065833e-52,8.445239691364837e-87,5.35688368287879e-61,1.998391260746909e-45,1.3475138143871883e-77,9.061079834686008e-54,8.725351246731578e-89,6.027600741487128e-118,3.0645853469973574e-101,1.1074991851659953e-140
1500,9.833910033353026e-14,0.0,0.0,0.0,0.0,0.0,0.0,0.0,1.9999999999999998e-13,0.0,8.017016214102169e-16,1.7719067306135839e-06,1.326822105607047e-37,4.145091930120025e-19,3.861092201040508e-123,0.9999991140464346,5.037064500599955e-37,3.286299392775996e-23,2.725476868505908e-54,1.8997777677073794e-81,3.0403500971548178e-120,5.903006360804667e-71,8.41391243502716e-16,8.021161634662231e-16,1.739225950079556e-17,9.661532540355578e-76,3.763853530254143e-84,1.1582316362822621e-67,2.827488062908346e-77,7.514876953540172e-31,6.502336168858095e-134,2.1183240718948502e-67,1.3021994038856505e-98,1.6168475205106228e-77,1.37899471859813e-61,4.083996969069946e-90,6.478406204064225e-71,2.6934876360626416e-121,5.162095731740765e-147,2.1455349307912797e-134,0.0
1600,9.997920055608827e-14,0.0,0.0,0.0,0.0,0.0,0.0,0.0,2e-13,0.0,2.0719781600593896e-17,5.472754551883541e-06,1.336003314607457e-32,1.9553487343896028e-20,0.0,0.9999972636225243,4.0437185535478306e-32,2.4895039276876687e-24,3.4041178081228614e-76,4.828794064155194e-99,0.0,2.1421423712151037e-89,5.866626547532019e-20,2.0739337577441663e-17,1.4400687922430154e-21,2.701049750224046e-101,8.365204916642413e-112,7.112644927792108e-94,2.981336701145867e-100,2.684133950470751e-39,0.0,3.318330182524928e-88,6.6851876881732365e-115,2.743025742084602e-100,7.295193617476328e-83,5.043283832034514e-107,3.1104750181156785e-94,5.166420503076109e-164,1.544759008667597e-185,0.0,0.0
1700,9.99998162248144e-14,0.0,0.0,0.0,0.0,0.0,0.0,0.0,2e-13,0.0,1.8348217515420433e-19,1.4831993966461774e-05,1.5739888525751955e-27,2.923207224963931e-22,0.0,0.999992584002817,3.900464379753092e-27,5.654800881822572e-26,4.83633754867633e-104,1.9680656886319483e-122,0.0,1.568113258052911e-113,6.209141046656658e-25,1.8377454695025633e-19,1.7746492007097015e-26,1.1379163551787116e-133,0.0,7.874638173111105e-127,1.0684989276208614e-129,2.2782780383535115e-49,0.0,4.401433243425972e-115,3.8724932520672235e-137,1.4818951946210138e-129,3.706667869405592e-110,8.300141458532189e-130,5.5072341392366765e-124,9.568675914055824e-219,6.488812711554265e-236,0.0,0.0
1800,9.999999966955933e-14,0.0,0.0,0.0,0.0,0.0,0.0,0.0,2e-13,0.0,8.417535346693712e-22,3.60415819656166e-05,1.6699730049167523e-22,2.122148852548748e-24,0.0,0.9999819792088172,3.4643832457622446e-22,5.9562241162727655e-28,7.855849327996207e-139,9.64772358859967e-153,0.0,1.671817648229829e-144,8.560504662214545e-31,3.3044065407643165e-22,2.802337841630409e-32,0.0,0.0,0.0,7.923050886345493e-167,3.366857540228672e-61,0.0,0.0,2.0124362494971245e-166,0.0,0.0,1.4080647765208478e-159,0.0,1.8143475039804278e-287,0.0,0.0,0.0
1900,9.999999999999997e-14,0.0,0.0,0.0,0.0,0.0,0.0,0.0,2e-13,0.0,9.964470431428696e-21,7.98795042755647e-05,3.611306261225638e-21,3.7655127630628396e-23,0.0,0.9999600602476622,6.3908340263298645e-21,1.4749929155864843e-26,0.0,1.0506358446741007e-194,0.0,4.651865343872904e-187,1.316540473846607e-37,2.1432974960395723e-29,4.8680671705487397e-39,0.0,0.0,0.0,1.8395093318844442e-216,6.326671725266852e-75,0.0,0.0,1.814497981077632e-207,0.0,0.0,4.659024647875331e-201,0.0,2.1718250200780596e-300,0.0,0.0,0.0
2000,1.0000000000000002e-13,0.0,0.0,0.0,0.0,0.0,0.0,0.0,2e-13,0.0,1.1593056761950476e-19,0.0001636947526909575,4.5996151407477405e-20,6.272372629511362e-22,0.0,0.9999181526234545,7.056198523868939e-20,3.317637108815765e-25,0.0,5.012083873028168e-246,0.0,6.502583728097247e-239,1.9309690446859884e-45,1.156185916223362e-37,7.969722481091169e-47,0.0,0.0,0.0,2.1762869768208616e-276,1.1013540341518858e-90,0.0,0.0,5.807671602426529e-258,0.0,0.0,6.045319269088415e-252,0.0,2.1719160324698336e-300,0.0,0.0,0.0
2100,1e-13,0.0,0.0,0.0,0.0,0.0,0.0,0.0,0.0,2e-13,1.0734707229591645e-18,0.00031362969604094423,4.605201428204017e-19,7.996515723654451e-21,0.0,0.9998431851517796,6.209526476300025e-19,5.551767585499828e-24,0.0,0.0,0.0,0.0,2.3063346062393243e-54,5.589686859816409e-47,1.0516995204285012e-55,0.0,0.0,0.0,0.0,1.2916307864479316e-108,0.0,0.0,0.0,0.0,0.0,0.0,0.0,2.1720788421979293e-300,0.0,0.0,0.0
2200,1e-13,0.0,0.0,0.0,0.0,0.0,0.0,0.0,0.0,1.9999999999999998e-13,8.157576163698572e-18,0.0005669270543551331,3.74578735899697e-18,8.089946074527873e-20,0.0,0.9997165364726224,4.492760206632774e-18,7.194118588905515e-23,0.0,0.0,0.0,0.0,1.913617514721038e-64,2.039592286018593e-57,9.55564198880885e-66,0.0,0.0,0.0,0.0,7.410275485705895e-129,0.0,0.0,0.0,0.0,0.0,0.0,0.0,2.1723538899827418e-300,0.0,0.0,0.0
2300,1e-13,0.0,0.0,0.0,0.0,0.0,0.0,0.0,0.0,1.9999999999999998e-13,5.218448751406971e-17,0.0009741533762365116,2.5434056307461122e-17,6.692005362103283e-19,0.0,0.9995129233116817,2.742037789734381e-17,7.461545248852953e-22,0.0,0.0,0.0,0.0,9.402065150730831e-76,4.73711644896829e-69,5.101167043175902e-77,0.0,0.0,0.0,0.0,1.5084722706514692e-151,0.0,0.0,0.0,0.0,0.0,0.0,0.0,2.1727960844789515e-300,0.0,0.0,0.0
2400,1e-13,0.0,0.0,0.0,0.0,0.0,0.0,0.0,0.0,1.9999999999999998e-13,2.870395841957295e-16,0.0016011785605623855,1.474710741799777e-16,4.640511580417571e-18,0.0,0.9991994107195186,1.442153888885339e-16,6.367292364427105e-21,0.0,0.0,0.0,0.0,2.3303075375385172e-88,5.91317473406492e-82,1.364252692616626e-89,0.0,0.0,0.0,0.0,7.8952814752917096e-177,0.0,0.0,0.0,0.0,0.0,0.0,0.0,2.1734769517770505e-300,0.0,0.0,0.0
2500,1e-13,0.0,0.0,0.0,0.0,0.0,0.0,0.0,0.0,1.9999999999999998e-13,1.382028318742283e-15,0.0025307764006930844,7.441852873495064e-16,2.7547456947096088e-17,0.0,0.9987346117994527,6.65436240491668e-16,4.5752151795410016e-20,0.0,0.0,0.0,0.0,2.480849541242313e-102,3.3526290554963222e-96,1.557506075320998e-103,0.0,0.0,0.0,0.0,7.693434967471005e-205,0.0,0.0,0.0,0.0,0.0,0.0,0.0,2.1744863733849086e-300,0.0,0.0,0.0
2600,1e-13,0.0,0.0,0.0,0.0,0.0,0.0,0.0,0.0,1.9999999999999998e-13,5.913506660472109e-15,0.00386374749855359,3.3214643375106087e-15,1.425001797804956e-16,0.0,0.9980681262505186,2.7348248003350407e-15,2.8229759304617314e-19,0.0,0.0,0.0,0.0,9.65581447199687e-118,7.302212708919739e-112,6.464584282757619e-119,0.0,0.0,0.0,0.0,1.0100085687040359e-235,0.0,0.0,0.0,0.0,0.0,0.0,0.0,2.175933805565526e-300,0.0,0.0,0.0
2700,1e-13,0.0,0.0,0.0,0.0,0.0,0.0,0.0,0.0,1.9999999999999998e-13,2.2779552693117662e-14,0.005719506239765256,1.329250262604106e-14,6.521417661678085e-16,0.0,0.9971402468799005,1.0140712685392264e-14,1.5208521478660493e-18,0.0,0.0,0.0,0.0,1.1690761172858319e-134,5.17056389500298e-129,8.30437033454955e-136,0.0,0.0,0.0,0.0,1.2920916467597714e-269,0.0,0.0,0.0,0.0,0.0,0.0,0.0,2.1779489167152315e-300,0.0,0.0,0.0
2800,1e-13,0.0,0.0,0.0,0.0,0.0,0.0,0.0,0.0,1.9999999999999998e-13,7.988173176534131e-14,0.008236112070570836,4.826315766508214e-14,2.6748536862341995e-15,0.0,0.9958819439644551,3.430068478471612e-14,7.256998222745385e-18,0.0,0.0,0.0,0.0,3.7455078340093464e-153,1.0077749334702929e-147,2.8096530455828656e-154,0.0,0.0,0.0,0.0,2.1806816213263597e-300,0.0,0.0,0.0,0.0,0.0,0.0,0.0,2.1806816213263597e-300,0.0,0.0,0.0
2900,1e-13,0.0,0.0,0.0,0.0,0.0,0.0,0.0,0.0,1.9999999999999998e-13,2.574711656177697e-13,0.011569757882011233,1.6060377435285358e-13,9.943805871738778e-15,0.0,0.9942151210586023,1.068422471355314e-13,3.1049998876386346e-17,0.0,0.0,0.0,0.0,2.7005073304621807e-173,4.57972685775434e-168,2.1299732837488544e-174,0.0,0.0,0.0,0.0,2.1843015244395254e-300,0.0,0.0,0.0,0.0,0.0,0.0,0.0,2.1843015244395254e-300,0.0,0.0,0.0
3000,1e-13,0.0,0.0,0.0,0.0,0.0,0.0,0.0,0.0,1.9999999999999998e-13,7.691653817599589e-13,0.0158937522836506,4.941283269812581e-13,3.3831062587018906e-14,0.0,0.9920531238574019,3.0898851707813407e-13,1.2039971241449514e-16,0.0,0.0,0.0,0.0,3.725794830372306e-195,4.111731637232152e-190,3.077217719501969e-196,0.0,0.0,0.0,0.0,2.1889968165263027e-300,0.0,0.0,0.0,0.0,0.0,0.0,0.0,2.1889968165263027e-300,0.0,0.0,0.0
3100,1e-13,0.0,0.0,0.0,0.0,0.0,0.0,0.0,0.0,1.9999999999999998e-13,2.145327440095607e-12,0.02139704672532129,1.4164107632638319e-12,1.0623334963222378e-13,0.0,0.9893014766355421,8.355770664772445e-13,4.2704001324589503e-16,0.0,0.0,0.0,0.0,8.362487823901125e-219,6.181647759007277e-214,7.204439098798396e-220,0.0,0.0,0.0,0.0,2.194972674136739e-300,0.0,0.0,0.0,0.0,0.0,0.0,0.0,2.194972674136739e-300,0.0,0.0,0.0
3200,1e-13,0.0,0.0,0.0,0.0,0.0,0.0,0.0,0.0,1.9999999999999998e-13,5.622573203793429e-12,0.028282362536499454,3.808122870045274e-12,3.1017033565288507e-13,0.0,0.9858588187273637,2.1260173578056106e-12,1.3966884045721346e-15,0.0,0.0,0.0,0.0,2.595618479653475e-244,1.3193791109474006e-239,2.3238971236269968e-245,0.0,0.0,0.0,0.0,2.2024492261104066e-300,0.0,0.0,0.0,0.0,0.0,0.0,0.0,2.2024492261104066e-300,0.0,0.0,0.0
3300,1e-13,0.0,0.0,0.0,0.0,0.0,0.0,0.0,0.0,1.9999999999999998e-13,1.3925128058926063e-11,0.03676396764449959,9.65961325245035e-12,8.475289677578191e-13,0.0,0.981618016167175,5.11728598373779e-12,4.242209504255932e-15,0.0,0.0,0.0,0.0,9.469574493642217e-272,3.3900189895272406e-267,8.779259396113439e-273,0.0,0.0,0.0,0.0,2.2116591393857117e-300,0.0,0.0,0.0,0.0,0.0,0.0,0.0,2.2116591393857117e-300,0.0,0.0,0.0
3400,1e-13,0.0,0.0,0.0,0.0,0.0,0.0,0.0,0.0,1.9999999999999998e-13,3.2753524662134314e-11,0.047065139016240355,2.3237517010290566e-11,2.1797665773835934e-12,0.0,0.9764674304672514,1.1707814838946968e-11,1.204060971963753e-14,0.0,0.0,0.0,0.0,2.2228448635483763e-300,8.893217929511552e-297,2.2228448635483763e-300,0.0,0.0,0.0,0.0,2.2228448635483763e-300,0.0,0.0,0.0,0.0,0.0,0.0,0.0,2.2228448635483763e-300,0.0,0.0,0.0
3500,1e-13,0.0,0.0,0.0,0.0,0.0,0.0,0.0,0.0,1.9999999999999998e-13,7.34920494572623e-11,0.05941532638925629,5.325945956219882e-11,5.3035321151399915e-12,0.0,0.9702923367502904,2.5568232845689314e-11,3.211083548588787e-14,0.0,0.0,0.0,0.0,2.2362555510230004e-300,2.2362555510230004e-300,2.2362555510230004e-300,0.0,0.0,0.0,0.0,2.2362555510230004e-300,0.0,0.0,0.0,0.0,0.0,0.0,0.0,2.2362555510230004e-300,0.0,0.0,0.0
3600,1e-13,0.0,0.0,0.0,0.0,0.0,0.0,0.0,0.0,1.9999999999999998e-13,1.5792970644080415e-10,0.0740470075615424,1.1677597217819475e-10,1.2262252710343829e-11,0.0,0.9629764961009318,5.349684238092435e-11,8.085540797111524e-14,0.0,0.0,0.0,0.0,2.2521436423443744e-300,2.2521436423443744e-300,2.2521436423443744e-300,0.0,0.0,0.0,0.0,2.2521436423443744e-300,0.0,0.0,0.0,0.0,0.0,0.0,0.0,2.2521436423443744e-300,0.0,0.0,0.0
3700,1e-13,0.0,0.0,0.0,0.0,0.0,0.0,0.0,0.0,1.9999999999999998e-13,3.2618363761913053e-10,0.09119219786399915,2.4583207969403135e-10,2.7049506947048818e-11,0.0,0.9544039008235725,1.075941237664023e-10,1.9305889425422586e-13,0.0,0.0,0.0,0.0,2.2707610759267538e-300,2.2707610759267538e-300,2.2707610759267538e-300,0.0,0.0,0.0,0.0,2.2707610759267538e-300,0.0,0.0,0.0,0.0,0.0,0.0,0.0,2.2707610759267538e-300,0.0,0.0,0.0
3800,1e-13,0.0,0.0,0.0,0.0,0.0,0.0,0.0,0.0,1.9999999999999998e-13,6.495428356187071e-10,0.11107854950893235,4.98495142434879e-10,5.7131845877376245e-11,0.0,0.9444607247584631,2.0861832745711657e-10,4.3878839591210515e-13,0.0,0.0,0.0,0.0,2.2923550525082698e-300,2.2923550525082698e-300,2.2923550525082698e-300,0.0,0.0,0.0,0.0,2.2923550525082698e-300,0.0,0.0,0.0,0.0,0.0,0.0,0.0,2.2923550525082698e-300,0.0,0.0,0.0
3900,1e-13,0.0,0.0,0.0,0.0,0.0,0.0,0.0,0.0,1.9999999999999998e-13,1.2506356962924586e-09,0.13392495394836726,9.765183731279928e-10,1.159064380073112e-10,0.0,0.9330375220874756,3.909763051250141e-10,9.52543953237406e-13,0.0,0.0,0.0,0.0,2.3171632599531965e-300,2.3171632599531965e-300,2.3171632599531965e-300,0.0,0.0,0.0,0.0,2.3171632599531965e-300,0.0,0.0,0.0,0.0,0.0,0.0,0.0,2.3171632599531965e-300,0.0,0.0,0.0
4000,1e-13,0.0,0.0,0.0,0.0,0.0,0.0,0.0,0.0,1.9999999999999998e-13,2.334184149179709e-09,0.15993654690102493,1.852784374637862e-09,2.2650739701337943e-10,0.0,0.9200317247977718,7.098882453537646e-10,1.9810737985388383e-12,0.0,0.0,0.0,0.0,2.345408449465595e-300,2.345408449465595e-300,2.345408449465595e-300,0.0,0.0,0.0,0.0,2.345408449465595e-300,0.0,0.0,0.0,0.0,0.0,0.0,0.0,2.345408449465595e-300,0.0,0.0,0.0
4100,1e-13,0.0,0.0,0.0,0.0,0.0,0.0,0.0,0.0,1.9999999999999998e-13,4.232645731436156e-09,0.18929901675904454,3.4127528707769377e-09,4.274735765147239e-10,0.0,0.9053504884448821,1.251324509345515e-09,3.95807217157286e-12,0.0,0.0,0.0,0.0,2.3772922554141113e-300,2.3772922554141113e-300,2.3772922554141113e-300,0.0,0.0,0.0,0.0,2.3772922554141113e-300,0.0,0.0,0.0,0.0,0.0,0.0,0.0,2.3772922554141113e-300,0.0,0.0,0.0
4200,1e-13,0.0,0.0,0.0,0.0,0.0,0.0,0.0,0.0,1.9999999999999998e-13,7.472250923233506e-09,0.22217213856557738,6.1154153807358095e-09,7.80873503444764e-10,0.0,0.8889139251159268,2.1453244541098464e-09,7.615408167387507e-12,0.0,0.0,0.0,0.0,2.4129881742961874e-300,2.4129881742961874e-300,2.4129881742961874e-300,0.0,0.0,0.0,0.0,2.4129881742961874e-300,0.0,0.0,0.0,0.0,0.0,0.0,0.0,2.4129881742961874e-300,0.0,0.0,0.0
4300,1e-13,0.0,0.0,0.0,0.0,0.0,0.0,0.0,0.0,1.9999999999999998e-13,1.2866276649638883e-08,0.2586825052323748,1.0680700906805199e-08,1.3835271597204167e-09,0.0,0.870658737754114,3.5832439025943975e-09,1.4141000040297888e-11,0.0,0.0,0.0,0.0,2.4526336721012374e-300,2.4526336721012374e-300,2.4526336721012374e-300,0.0,0.0,0.0,0.0,2.4526336721012374e-300,0.0,0.0,0.0,0.0,0.0,0.0,0.0,2.4526336721012374e-300,0.0,0.0,0.0
4400,1e-13,0.0,0.0,0.0,0.0,0.0,0.0,0.0,0.0,1.9999999999999998e-13,2.1643779770599792e-08,0.29891551029840147,1.8211802100894635e-08,2.3819414896703507e-09,0.0,0.850542228689024,5.839311380890305e-09,2.5392221514803365e-11,0.0,0.0,0.0,0.0,2.4963214790642358e-300,2.4963214790642358e-300,2.4963214790642358e-300,0.0,0.0,0.0,0.0,2.4963214790642358e-300,0.0,0.0,0.0,0.0,0.0,0.0,0.0,2.4963214790642358e-300,0.0,0.0,0.0
4500,1e-13,0.0,0.0,0.0,0.0,0.0,0.0,0.0,0.0,1.9999999999999998e-13,3.5623319151373887e-08,0.34290675671900633,3.036236695715637e-08,3.99145658227428e-09,0.0,0.8285465951226358,9.296578839992482e-09,4.417006350070617e-11,0.0,0.0,0.0,0.0,2.5440902613146218e-300,2.5440902613146218e-300,2.5440902613146218e-300,0.0,0.0,0.0,0.0,2.5440902613146218e-300,0.0,0.0,0.0,0.0,0.0,0.0,0.0,2.5440902613146218e-300,0.0,0.0,0.0
4600,1e-13,0.0,0.0,0.0,0.0,0.0,0.0,0.0,0.0,1.9999999999999998e-13,5.744223848322023e-08,0.3906332241337678,4.955972928243955e-08,6.519855412218741e-09,0.0,0.804683345341654,1.4476917242105814e-08,7.455262910641026e-11,0.0,0.0,0.0,0.0,2.5959150304510096e-300,2.5959150304510096e-300,2.5959150304510096e-300,0.0,0.0,0.0,0.0,2.5959150304510096e-300,0.0,0.0,0.0,0.0,0.0,0.0,0.0,2.5959150304510096e-300,0.0,0.0,0.0
4700,1e-13,0.0,0.0,0.0,0.0,0.0,0.0,0.0,0.0,1.9999999999999998e-13,9.085262964164685e-08,0.4420047124227723,7.929607321499301e-08,1.0395305942218803e-08,0.0,0.7789975767463084,2.2074139200797717e-08,1.2227683192504045e-10,0.0,0.0,0.0,0.0,2.6516978533522457e-300,2.6516978533522457e-300,2.6516978533522457e-300,0.0,0.0,0.0,0.0,2.6516978533522457e-300,0.0,0.0,0.0,0.0,0.0,0.0,0.0,2.6516978533522457e-300,0.0,0.0,0.0
4800,1e-13,0.0,0.0,0.0,0.0,0.0,0.0,0.0,0.0,1.9999999999999998e-13,1.4109488192828816e-07,0.4968562758519892,1.2449934315772996e-07,1.6197985467796748e-08,0.0,0.7515717585413267,3.29886693069161e-08,1.9514506856107135e-10,0.0,0.0,0.0,0.0,2.711259637897711e-300,2.711259637897711e-300,2.711259637897711e-300,0.0,0.0,0.0,0.0,2.711259637897711e-300,0.0,0.0,0.0,0.0,0.0,0.0,0.0,2.711259637897711e-300,0.0,0.0,0.0
4900,1e-13,0.0,0.0,0.0,0.0,0.0,0.0,0.0,0.0,1.9999999999999998e-13,2.1535849342938247e-07,0.5549425357627487,1.9199452749011187e-07,2.4694119670437117e-08,0.0,0.7225285751091749,4.8361506378434007e-08,3.0342076872632677e-10,0.0,0.0,0.0,0.0,2.7743339588309446e-300,2.7743339588309446e-300,2.7743339588309446e-300,0.0,0.0,0.0,0.0,2.7743339588309446e-300,0.0,0.0,0.0,0.0,0.0,0.0,0.0,2.7743339588309446e-300,0.0,0.0,0.0
5000,1e-13,0.0,0.0,0.0,0.0,0.0,0.0,0.0,0.0,1.9999999999999998e-13,3.23337406167565e-07,0.6159348673990153,2.910634503515631e-07,3.687052705712446e-08,0.0,0.6920323322684897,6.960464852716403e-08,4.6016565403784394e-10,0.0,0.0,0.0,0.0,2.8405640048736066e-300,2.8405640048736066e-300,2.8405640048736066e-300,0.0,0.0,0.0,0.0,2.8405640048736066e-300,0.0,0.0,0.0,0.0,0.0,0.0,0.0,2.8405640048736066e-300,0.0,0.0,0.0
5100,1e-13,0.0,0.0,0.0,0.0,0.0,0.0,0.0,0.0,1.9999999999999998e-13,4.778835234266744e-07,0.679422448430867,4.3410736608441286e-07,5.396720420990083e-08,0.0,0.6602884326407893,9.842482697914137e-08,6.814654269791468e-10,0.0,0.0,0.0,0.0,2.909503719458909e-300,2.909503719458909e-300,2.909503719458909e-300,0.0,0.0,0.0,0.0,2.909503719458909e-300,0.0,0.0,0.0,0.0,0.0,0.0,0.0,2.909503719458909e-300,0.0,0.0,0.0
5200,1e-13,0.0,0.0,0.0,0.0,0.0,0.0,0.0,0.0,1.9999999999999998e-13,6.957575197050218e-07,0.7449179848171537,6.37411701138307e-07,7.750515232157818e-08,0.0,0.6275405123088404,1.3683746341011422e-07,9.86492521820968e-10,0.0,0.0,0.0,0.0,2.9806240207603705e-300,2.9806240207603705e-300,2.9806240207603705e-300,0.0,0.0,0.0,0.0,2.9806240207603705e-300,0.0,0.0,0.0,0.0,0.0,0.0,0.0,2.9806240207603705e-300,0.0,0.0,0.0
5300,1e-13,0.0,0.0,0.0,0.0,0.0,0.0,0.0,0.0,1.9999999999999998e-13,9.984710884047805e-07,0.8118685760747384,9.220067832361699e-07,1.0930665950155357e-07,0.0,0.5940650077400114,1.8716833110125893e-07,1.3973664310943377e-09,0.0,0.0,0.0,0.0,3.053324602738198e-300,3.053324602738198e-300,3.053324602738198e-300,0.0,0.0,0.0,0.0,3.053324602738198e-300,0.0,0.0,0.0,0.0,0.0,0.0,0.0,3.053324602738198e-300,0.0,0.0,0.0
5400,1e-13,0.0,0.0,0.0,0.0,0.0,0.0,0.0,0.0,1.9999999999999998e-13,1.4132101608314728e-06,0.879671647877768,1.3146131771912062e-06,1.5150570067602923e-07,0.0,0.5601631890212049,2.520414781552702e-07,1.938793838974468e-09,0.0,0.0,0.0,0.0,3.126951238899954e-300,3.126951238899954e-300,3.126951238899954e-300,0.0,0.0,0.0,0.0,3.126951238899954e-300,0.0,0.0,0.0,0.0,0.0,0.0,0.0,3.126951238899954e-300,0.0,0.0,0.0
5500,1e-13,0.0,0.0,0.0,0.0,0.0,0.0,0.0,0.0,1.9999999999999998e-13,1.973825242877258e-06,0.9476952449691443,1.8486562876110196e-06,2.0654699868279762e-07,0.0,0.5261510129226319,3.343534534605445e-07,2.6374995115086063e-09,0.0,0.0,0.0,0.0,3.2008178209983604e-300,3.2008178209983604e-300,3.2008178209983604e-300,0.0,0.0,0.0,0.0,3.2008178209983604e-300,0.0,0.0,0.0,0.0,0.0,0.0,0.0,3.2008178209983604e-300,0.0,0.0,0.0
5600,1e-13,0.0,0.0,0.0,0.0,0.0,0.0,0.0,0.0,1.9999999999999998e-13,2.7218735959548913e-06,1.0153013307051544,2.5653330542678806e-06,2.7717350057147876e-07,0.0,0.4923474726369246,4.372355316110878e-07,3.5214893525982887e-09,0.0,0.0,0.0,0.0,3.2742316626958366e-300,3.2742316626958366e-300,3.2742316626958366e-300,0.0,0.0,0.0,0.0,3.2742316626958366e-300,0.0,0.0,0.0,0.0,0.0,0.0,0.0,3.2742316626958366e-300,0.0,0.0,0.0
5700,1e-13,0.0,0.0,0.0,0.0,0.0,0.0,0.0,0.0,1.9999999999999998e-13,3.707698908345225e-06,1.0818702324519973,3.514714334127037e-06,3.664033586286167e-07,0.0,0.4590623745885962,5.640071455133857e-07,4.619212666579842e-09,0.0,0.0,0.0,0.0,3.3465200475830364e-300,3.3465200475830364e-300,3.3465200475830364e-300,0.0,0.0,0.0,0.0,3.3465200475830364e-300,0.0,0.0,0.0,0.0,0.0,0.0,0.0,3.3465200475830364e-300,0.0,0.0,0.0
5800,1e-13,0.0,0.0,0.0,0.0,0.0,0.0,0.0,0.0,1.9999999999999998e-13,4.991537189188441e-06,1.1468241105051544,4.7568698155459166e-06,4.774987064497716e-07,0.0,0.42658460347947064,7.181247855932476e-07,5.9587055009512314e-09,0.0,0.0,0.0,0.0,3.41705571694348e-300,3.41705571694348e-300,3.41705571694348e-300,0.0,0.0,0.0,0.0,3.41705571694348e-300,0.0,0.0,0.0,0.0,0.0,0.0,0.0,3.41705571694348e-300,0.0,0.0,0.0
5900,1e-13,0.0,0.0,0.0,0.0,0.0,0.0,0.0,0.0,1.9999999999999998e-13,6.644642158296351e-06,1.2096474002547615,6.36300731527263e-06,6.139293460247615e-07,0.0,0.3951719007063047,9.031309865813804e-07,7.566797532898112e-09,0.0,0.0,0.0,0.0,3.4852790709118255e-300,3.4852790709118255e-300,3.4852790709118255e-300,0.0,0.0,0.0,0.0,3.4852790709118255e-300,0.0,0.0,0.0,0.0,0.0,0.0,0.0,3.4852790709118255e-300,0.0,0.0,0.0
6000,1e-13,0.0,0.0,0.0,0.0,0.0,0.0,0.0,0.0,1.9999999999999998e-13,8.750428313122078e-06,1.269902565569278,8.41662388861237e-06,7.793347546024303e-07,0.0,0.36504298715975714,1.1226076305133983e-06,9.468451401258885e-09,0.0,0.0,0.0,0.0,3.5507152782782244e-300,3.5507152782782244e-300,3.5507152782782244e-300,0.0,0.0,0.0,0.0,3.5507152782782244e-300,0.0,0.0,0.0,0.0,0.0,0.0,0.0,3.5507152782782244e-300,0.0,0.0,0.0
6100,1e-13,0.0,0.0,0.0,0.0,0.0,0.0,0.0,0.0,1.9999999999999998e-13,1.1405634019223851e-05,1.327240134906076,1.1014671091190902e-05,9.774875601397974e-07,0.0,0.336372544644389,1.3801367676086133e-06,1.1686279435865017e-08,0.0,0.0,0.0,0.0,3.6129851781426884e-300,3.6129851781426884e-300,3.6129851781426884e-300,0.0,0.0,0.0,0.0,3.6129851781426884e-300,0.0,0.0,0.0,0.0,0.0,0.0,0.0,3.6129851781426884e-300,0.0,0.0,0.0
6200,1e-13,0.0,0.0,0.0,0.0,0.0,0.0,0.0,0.0,1.9999999999999998e-13,1.4721509527307364e-05,1.3814027299386773,1.426873995409206e-05,1.2122609285699972e-06,0.0,0.30928920101900964,1.6792707560327073e-06,1.4240254247402815e-08,0.0,0.0,0.0,0.0,3.671809658308438e-300,3.671809658308438e-300,3.671809658308438e-300,0.0,0.0,0.0,0.0,3.671809658308438e-300,0.0,0.0,0.0,0.0,0.0,0.0,0.0,3.671809658308438e-300,0.0,0.0,0.0
6300,1e-13,0.0,0.0,0.0,0.0,0.0,0.0,0.0,0.0,1.9999999999999998e-13,1.8825035414145463e-05,1.4322234932578917,1.830627230623516e-05,1.4876013455213425e-06,0.0,0.2838763157743691,2.023512056288179e-06,1.714760285653957e-08,0.0,0.0,0.0,0.0,3.727007951903038e-300,3.727007951903038e-300,3.727007951903038e-300,0.0,0.0,0.0,0.0,3.727007951903038e-300,0.0,0.0,0.0,0.0,0.0,0.0,0.0,3.727007951903038e-300,0.0,0.0,0.0
6400,1e-13,0.0,0.0,0.0,0.0,0.0,0.0,0.0,0.0,1.9999999999999998e-13,2.386017572786072e-05,1.479619859790866,2.3271804103729336e-05,1.8075072942330773e-06,0.0,0.2601750937240423,2.416301772082306e-06,2.0422853717851658e-08,0.0,0.0,0.0,0.0,3.778490878002976e-300,3.778490878002976e-300,3.778490878002976e-300,0.0,0.0,0.0,0.0,3.778490878002976e-300,0.0,0.0,0.0,0.0,0.0,0.0,0.0,3.778490878002976e-300,0.0,0.0,0.0
6500,1e-13,0.0,0.0,0.0,0.0,0.0,0.0,0.0,0.0,1.9999999999999998e-13,2.998916761101384e-05,1.5235839306384207,2.9328243920028772e-05,2.1760134865495e-06,0.0,0.23818939745872006,2.861015171979621e-06,2.407799444505396e-08,0.0,0.0,0.0,0.0,3.826250393052559e-300,3.826250393052559e-300,3.826250393052559e-300,0.0,0.0,0.0,0.0,3.826250393052559e-300,0.0,0.0,0.0,0.0,0.0,0.0,0.0,3.826250393052559e-300,0.0,0.0,0.0
6600,1e-13,0.0,0.0,0.0,0.0,0.0,0.0,0.0,0.0,1.9999999999999998e-13,3.739384607256166e-05,1.5641707928657846,3.665818647684277e-05,2.597179731580729e-06,0.0,0.21789158679908555,3.3609620225370542e-06,2.8122695237411492e-08,0.0,0.0,0.0,0.0,3.8703469119764206e-300,3.8703469119764206e-300,3.8703469119764206e-300,0.0,0.0,0.0,0.0,3.8703469119764206e-300,0.0,0.0,0.0,0.0,0.0,0.0,0.0,3.8703469119764206e-300,0.0,0.0,0.0
6700,9.999999999999999e-14,0.0,0.0,0.0,0.0,0.0,0.0,0.0,0.0,2e-13,4.6276999520070906e-05,1.6014860270446223,4.546525774614952e-05,3.0750832237056752e-06,0.0,0.1992287643528921,3.91938955459332e-06,3.256455696624931e-08,0.0,0.0,0.0,0.0,3.910895747400991e-300,0.0,0.0,0.0,0.0,0.0,0.0,0.0,0.0,0.0,0.0,0.0,0.0,0.0,0.0,3.910895747400991e-300,0.0,0.0,0.0
6800,9.999999999999999e-14,0.0,0.0,0.0,0.0,0.0,0.0,0.0,0.0,2e-13,5.6863749142256795e-05,1.6356734195112346,5.5975485332739565e-05,3.613812994181334e-06,0.0,0.18212891869951361,4.539486154866901e-06,3.740935116834436e-08,0.0,0.0,0.0,0.0,3.948053771252573e-300,0.0,0.0,0.0,0.0,0.0,0.0,0.0,0.0,0.0,0.0,0.0,0.0,0.0,0.0,3.948053771252573e-300,0.0,0.0,0.0
6900,9.999999999999999e-14,0.0,0.0,0.0,0.0,0.0,0.0,0.0,0.0,2e-13,6.940294338466395e-05,1.6669036166110625,6.843868568040697e-05,4.217465388420856e-06,0.0,0.16650659657318384,5.2243843215978194e-06,4.266122891999133e-08,0.0,0.0,0.0,0.0,3.9820070992814074e-300,0.0,0.0,0.0,0.0,0.0,0.0,0.0,0.0,0.0,0.0,0.0,0.0,0.0,0.0,3.9820070992814074e-300,0.0,0.0,0.0
7000,9.999999999999999e-14,0.0,0.0,0.0,0.0,0.0,0.0,0.0,0.0,2e-13,8.416855781830659e-05,1.695364180460647,8.31298584942163e-05,4.8901396838592735e-06,0.0,0.15226787428560937,5.977161893134672e-06,4.832288518513542e-08,0.0,0.0,0.0,0.0,4.012960297470021e-300,0.0,0.0,0.0,0.0,0.0,0.0,0.0,0.0,0.0,0.0,0.0,0.0,0.0,0.0,4.012960297470021e-300,0.0,0.0,0.0
7100,9.999999999999999e-14,0.0,0.0,0.0,0.0,0.0,0.0,0.0,0.0,2e-13,0.00010146109037264285,1.721251263516034,0.0001003505782361062,5.635933202556439e-06,0.0,0.13931451974937856,6.800841012177069e-06,5.439567308395901e-08,0.0,0.0,0.0,0.0,4.0411273462397184e-300,0.0,0.0,0.0,0.0,0.0,0.0,0.0,0.0,0.0,0.0,0.0,0.0,0.0,0.0,4.0411273462397184e-300,0.0,0.0,0.0
7200,9.999999999999999e-14,0.0,0.0,0.0,0.0,0.0,0.0,0.0,0.0,2e-13,0.00012160894197544948,1.744762933037654,0.00012043037256062634,6.458935556099783e-06,0.0,0.12754732956260706,7.698384639367306e-06,6.087966844438647e-08,0.0,0.0,0.0,0.0,4.0667243961819437e-300,0.0,0.0,0.0,0.0,0.0,0.0,0.0,0.0,0.0,0.0,0.0,0.0,0.0,0.0,4.0667243961819437e-300,0.0,0.0,0.0
7300,9.999999999999999e-14,0.0,0.0,0.0,0.0,0.0,0.0,0.0,0.0,2e-13,0.00014496977350913508,1.7660940483314922,0.000143728078320533,7.3632218413621955e-06,0.0,0.11686868971956568,8.672690718819847e-06,6.777368885565254e-08,0.0,0.0,0.0,0.0,4.0899642098245604e-300,0.0,0.0,0.0,0.0,0.0,0.0,0.0,0.0,0.0,0.0,0.0,0.0,0.0,0.0,4.0899642098245604e-300,0.0,0.0,0.0
7400,9.999999999999999e-14,0.0,0.0,0.0,0.0,0.0,0.0,0.0,0.0,2e-13,0.0001719318303560893,1.7854325165498612,0.00017063316616942206,8.352844785749012e-06,0.0,0.10718444705987193,9.72658424602561e-06,7.50752736093043e-08,0.0,0.0,0.0,0.0,4.1110521002278334e-300,0.0,0.0,0.0,0.0,0.0,0.0,0.0,0.0,0.0,0.0,0.0,0.0,0.0,0.0,4.1110521002278334e-300,0.0,0.0,0.0
7500,9.999999999999999e-14,0.0,0.0,0.0,0.0,0.0,0.0,0.0,0.0,2e-13,0.00020291522704409456,1.8029567174914376,0.00020156702600980967,9.431825947081276e-06,0.0,0.09840519623985762,1.0862807613307342e-05,8.278063194116078e-08,0.0,0.0,0.0,0.0,4.130183138830453e-300,0.0,0.0,0.0,0.0,0.0,0.0,0.0,0.0,0.0,0.0,0.0,0.0,0.0,0.0,4.130183138830453e-300,0.0,0.0,0.0
7600,9.999999999999999e-14,0.0,0.0,0.0,0.0,0.0,0.0,0.0,0.0,2e-13,0.00023837318514027998,1.8188338814210343,0.00023698420618932156,1.0604146113254837e-05,0.0,0.09044709021893736,1.20840096292934e-05,9.088456508027708e-08,0.0,0.0,0.0,0.0,4.147540397997633e-300,0.0,0.0,0.0,0.0,0.0,0.0,0.0,0.0,0.0,0.0,0.0,0.0,0.0,0.0,4.147540397997633e-300,0.0,0.0,0.0
7700,9.999999999999999e-14,0.0,0.0,0.0,0.0,0.0,0.0,0.0,0.0,2e-13,0.0002787932183519769,1.833219216444311,0.000277373600236116,1.1873735121991854e-05,0.0,0.08323227599597942,1.3392733611912752e-05,9.938037405989398e-08,0.0,0.0,0.0,0.0,4.16329400731556e-300,0.0,0.0,0.0,0.0,0.0,0.0,0.0,0.0,0.0,0.0,0.0,0.0,0.0,0.0,4.16329400731556e-300,0.0,0.0,0.0
7800,9.999999999999999e-14,0.0,0.0,0.0,0.0,0.0,0.0,0.0,0.0,2e-13,0.0003246982598277193,1.8462556053453894,0.00032325957590788036,1.324446127557158e-05,0.0,0.0766890456438178,1.4791404945454682e-05,1.0825975004420636e-07,0.0,0.0,0.0,0.0,4.177600828059424e-300,0.0,0.0,0.0,0.0,0.0,0.0,0.0,0.0,0.0,0.0,0.0,0.0,0.0,0.0,4.177600828059424e-300,0.0,0.0,0.0
7900,9.999999999999999e-14,0.0,0.0,0.0,0.0,0.0,0.0,0.0,0.0,2e-13,0.00037664772692827216,1.8580737192430061,0.0003752030417378052,1.4720120566915719e-05,0.0,0.07075177896606481,1.628231841854285e-05,1.175126611601331e-07,0.0,0.0,0.0,0.0,4.190604580067955e-300,0.0,0.0,0.0,0.0,0.0,0.0,0.0,0.0,0.0,0.0,0.0,0.0,0.0,0.0,4.190604580067955e-300,0.0,0.0,0.0
8000,9.999999999999999e-14,0.0,0.0,0.0,0.0,0.0,0.0,0.0,0.0,2e-13,0.00043523852003680237,1.8687924231336204,0.00043380244748806505,1.6304425870323112e-05,0.0,0.06536074024341545,1.7867625657251397e-05,1.2712723819082984e-07,0.0,0.0,0.0,0.0,4.202436285353957e-300,0.0,0.0,0.0,0.0,0.0,0.0,0.0,0.0,0.0,0.0,0.0,0.0,0.0,0.0,4.202436285353957e-300,0.0,0.0,0.0
8100,9.999999999999999e-14,0.0,0.0,0.0,0.0,0.0,0.0,0.0,0.0,2e-13,0.0005011059516894158,1.8785193747173292,0.0004996947146830933,1.8000996243708907e-05,0.0,0.06046177837311751,1.954932290236998e-05,1.3708965233855282e-07,0.0,0.0,0.0,0.0,4.2132149213675273e-300,0.0,0.0,0.0,0.0,0.0,0.0,0.0,0.0,0.0,0.0,0.0,0.0,0.0,0.0,4.2132149213675273e-300,0.0,0.0,0.0
8200,9.999999999999999e-14,0.0,0.0,0.0,0.0,0.0,0.0,0.0,0.0,2e-13,0.0005749246037859957,1.8873517405758198,0.0005735560949299985,1.981334647578072e-05,0.0,0.05600596836783429,2.132923934224878e-05,1.4738401047090604e-07,0.0,0.0,0.0,0.0,4.223048201453916e-300,0.0,0.0,0.0,0.0,0.0,0.0,0.0,0.0,0.0,0.0,0.0,0.0,0.0,0.0,4.223048201453916e-300,0.0,0.0,0.0
8300,9.999999999999999e-14,0.0,0.0,0.0,0.0,0.0,0.0,0.0,0.0,2e-13,0.0006574091105458216,1.895376972526504,0.0006561029536191351,2.174487698329728e-05,0.0,0.05194922280285036,2.3209026153483507e-05,1.5799224349988677e-07,0.0,0.0,0.0,0.0,4.232033420412921e-300,0.0,0.0,0.0,0.0,0.0,0.0,0.0,0.0,0.0,0.0,0.0,0.0,0.0,0.0,4.232033420412921e-300,0.0,0.0,0.0
8400,9.999999999999999e-14,0.0,0.0,0.0,0.0,0.0,0.0,0.0,0.0,2e-13,0.0007493148654884706,1.9026736030523181,0.0007480924771758948,2.3798864109205012e-05,0.0,0.04825189376255043,2.519014643482115e-05,1.6889401304044527e-07,0.0,0.0,0.0,0.0,4.2402583205243756e-300,0.0,0.0,0.0,0.0,0.0,0.0,0.0,0.0,0.0,0.0,0.0,0.0,0.0,0.0,4.2402583205243756e-300,0.0,0.0,0.0
8500,9.999999999999999e-14,0.0,0.0,0.0,0.0,0.0,0.0,0.0,0.0,2e-13,0.0008514386514045055,1.9093120306195612,0.0008503233028133199,2.5978450903810726e-05,0.0,0.04487837988042305,2.7273866116509047e-05,1.800666215133757e-07,0.0,0.0,0.0,0.0,4.2478019463425256e-300,0.0,0.0,0.0,0.0,0.0,0.0,0.0,0.0,0.0,0.0,0.0,0.0,0.0,0.0,4.2478019463425256e-300,0.0,0.0,0.0
8600,9.999999999999999e-14,0.0,0.0,0.0,0.0,0.0,0.0,0.0,0.0,2e-13,0.0009646191921209594,1.915355275270857,0.0009636360695334928,2.8286638417646537e-05,0.0,0.04179674827949899,2.946124595113818e-05,1.9148494602522577e-07,0.0,0.0,0.0,0.0,4.254735466958239e-300,0.0,0.0,0.0,0.0,0.0,0.0,0.0,0.0,0.0,0.0,0.0,0.0,0.0,0.0,4.254735466958239e-300,0.0,0.0,0.0
8700,9.999999999999999e-14,0.0,0.0,0.0,0.0,0.0,0.0,0.0,0.0,2e-13,0.0010897376261617643,1.9208596922104042,0.0010889138904113587,3.072627753669085e-05,0.0,0.038978377554598015,3.1753134656587115e-05,2.0312136949114986e-07,0.0,0.0,0.0,0.0,4.2611229523918645e-300,0.0,0.0,0.0,0.0,0.0,0.0,0.0,0.0,0.0,0.0,0.0,0.0,0.0,0.0,4.2611229523918645e-300,0.0,0.0,0.0
8800,9.999999999999999e-14,0.0,0.0,0.0,0.0,0.0,0.0,0.0,0.0,2e-13,0.0012277179016944885,1.925875636155561,0.0012270827455567771,3.3300061373096834e-05,0.0,0.03639762540953342,3.41501632659031e-05,2.149457550947253e-07,0.0,0.0,0.0,0.0,4.2670220962682667e-300,0.0,0.0,0.0,0.0,0.0,0.0,0.0,0.0,0.0,0.0,0.0,0.0,0.0,0.0,4.2670220962682667e-300,0.0,0.0,0.0
8900,9.999999999999999e-14,0.0,0.0,0.0,0.0,0.0,0.0,0.0,0.0,2e-13,0.0013795270936303996,1.9304480733127103,0.0013791117965329706,3.601051821853517e-05,0.0,0.034031522519929205,3.6652740727616547e-05,2.269254116522327e-07,0.0,0.0,0.0,0.0,4.272484881364964e-300,0.0,0.0,0.0,0.0,0.0,0.0,0.0,0.0,0.0,0.0,0.0,0.0,0.0,0.0,4.272484881364964e-300,0.0,0.0,0.0
9000,9.999999999999999e-14,0.0,0.0,0.0,0.0,0.0,0.0,0.0,0.0,2e-13,0.0015461756428170508,1.9346171402274335,0.001546013622186822,3.8860005054327356e-05,0.0,0.03185949299658467,3.926105078136452e-05,2.3902509680849924e-07,0.0,0.0,0.0,0.0,4.277558187218788e-300,0.0,0.0,0.0,0.0,0.0,0.0,0.0,0.0,0.0,0.0,0.0,0.0,0.0,0.0,4.277558187218788e-300,0.0,0.0,0.0
9100,9.999999999999999e-14,0.0,0.0,0.0,0.0,0.0,0.0,0.0,0.0,2e-13,0.0017287175187029593,1.9384186508982273,0.00172884437724246,4.185070162183668e-05,0.0,0.029863100754095876,4.197505012034385e-05,2.512070380078154e-07,0.0,0.0,0.0,0.0,4.28228434130404e-300,0.0,0.0,0.0,0.0,0.0,0.0,0.0,0.0,0.0,0.0,0.0,0.0,0.0,0.0,4.28228434130404e-300,0.0,0.0,0.0
9200,9.999999999999999e-14,0.0,0.0,0.0,0.0,0.0,0.0,0.0,0.0,2e-13,0.0019282503068076494,1.941884554459002,0.0019287038749197867,4.4984605008399595e-05,0.0,0.028025820631481367,4.4794467874817365e-05,2.634309785549306e-07,0.0,0.0,0.0,0.0,4.286701616289609e-300,0.0,0.0,0.0,0.0,0.0,0.0,0.0,0.0,0.0,0.0,0.0,0.0,0.0,0.0,4.286701616289609e-300,0.0,0.0,0.0
9300,9.999999999999999e-14,0.0,0.0,0.0,0.0,0.0,0.0,0.0,0.0,2e-13,0.002145915221312296,1.9450433465918986,0.0021467355940021794,4.8263524791581924e-05,0.0,0.02633283268384776,4.771880635402075e-05,2.7565425232181675e-07,0.0,0.0,0.0,0.0,4.290844676809189e-300,0.0,0.0,0.0,0.0,0.0,0.0,0.0,0.0,0.0,0.0,0.0,0.0,0.0,0.0,4.290844676809189e-300,0.0,0.0,0.0
9400,9.999999999999999e-14,0.0,0.0,0.0,0.0,0.0,0.0,0.0,0.0,2e-13,0.0023828970456733836,1.94792043814517,0.0023841266130865727,5.1689078646115004e-05,0.0,0.02477083790635728,5.074734311213512e-05,2.878318792086085e-07,0.0,0.0,0.0,0.0,4.294744979526921e-300,0.0,0.0,0.0,0.0,0.0,0.0,0.0,0.0,0.0,0.0,0.0,0.0,0.0,0.0,4.294744979526921e-300,0.0,0.0,0.0
9500,9.999999999999999e-14,0.0,0.0,0.0,0.0,0.0,0.0,0.0,0.0,2e-13,0.0026404240028834835,1.9505384845955318,0.002642107473816237,5.526268847030493e-05,0.0,0.02332789356994733,5.3879134240616565e-05,2.9991670306511794e-07,0.0,0.0,0.0,0.0,4.2984311304559227e-300,0.0,0.0,0.0,0.0,0.0,0.0,0.0,0.0,0.0,0.0,0.0,0.0,0.0,0.0,4.2984311304559227e-300,0.0,0.0,0.0
9600,9.999999999999999e-14,0.0,0.0,0.0,0.0,0.0,0.0,0.0,0.0,2e-13,0.002919767556351945,1.9529176799748365,0.0029219519739113247,5.898557694439652e-05,0.0,0.021993266358486797,5.711301892613061e-05,3.118595411127204e-07,0.0,0.0,0.0,0.0,4.301929203463275e-300,0.0,0.0,0.0,0.0,0.0,0.0,0.0,0.0,0.0,0.0,0.0,0.0,0.0,0.0,4.301929203463275e-300,0.0,0.0,0.0
9700,9.999999999999999e-14,0.0,0.0,0.0,0.0,0.0,0.0,0.0,0.0,2e-13,0.003222242143779409,1.955076018613345,0.0032249768925406456,6.285876454885007e-05,0.0,0.020757301630005054,6.04476251827791e-05,3.236093951647133e-07,0.0,0.0,0.0,0.0,4.3052630236095624e-300,0.0,0.0,0.0,0.0,0.0,0.0,0.0,0.0,0.0,0.0,0.0,0.0,0.0,0.0,4.3052630236095624e-300,0.0,0.0,0.0
9800,9.999999999999999e-14,0.0,0.0,0.0,0.0,0.0,0.0,0.0,0.0,2e-13,0.003549204848652673,1.957029528151511,0.0035525416525086484,6.688306697161446e-05,0.0,0.01961130707386963,6.388137677537265e-05,3.351136597332706e-07,0.0,0.0,0.0,0.0,4.308454419086113e-300,0.0,0.0,0.0,0.0,0.0,0.0,0.0,0.0,0.0,0.0,0.0,0.0,0.0,0.0,4.308454419086113e-300,0.0,0.0,0.0
9900,9.999999999999999e-14,0.0,0.0,0.0,0.0,0.0,0.0,0.0,0.0,2e-13,0.003902055007623215,1.958792476689198,0.003906047917770325,7.105909295762026e-05,0.0,0.018547449330238854,6.741250120443453e-05,3.463183939232269e-07,0.0,0.0,0.0,0.0,4.311523444859889e-300,0.0,0.0,0.0,0.0,0.0,0.0,0.0,0.0,0.0,0.0,0.0,0.0,0.0,0.0,4.311523444859889e-300,0.0,0.0,0.0
10000,9.999999999999999e-14,0.0,0.0,0.0,0.0,0.0,0.0,0.0,0.0,2e-13,0.004282233759352842,1.9603775569525146,0.004286939131603335,7.5387242457779e-05,0.0,0.01755866212907853,7.103903882036825e-05,3.5716861308065444e-07,0.0,0.0,0.0,0.0,4.314488581171292e-300,0.0,0.0,0.0,0.0,0.0,0.0,0.0,0.0,0.0,0.0,0.0,0.0,0.0,0.0,4.314488581171292e-300,0.0,0.0,0.0
10100,9.999999999999999e-14,0.0,0.0,0.0,0.0,0.0,0.0,0.0,0.0,2e-13,0.004691223536528541,1.9617960499660576,0.004696699997493787,7.986770521027029e-05,0.0,0.016638564703935814,7.475885286425142e-05,3.6760861922697446e-07,0.0,0.0,0.0,0.0,4.317366909592354e-300,0.0,0.0,0.0,0.0,0.0,0.0,0.0,0.0,0.0,0.0,0.0,0.0,0.0,0.0,4.317366909592354e-300,0.0,0.0,0.0
10200,9.999999999999999e-14,0.0,0.0,0.0,0.0,0.0,0.0,0.0,0.0,2e-13,0.005130547502526203,1.9630579705701603,0.0051368559039259,8.450045956630223e-05,0.0,0.015781389310092833,7.856964052383349e-05,3.7758235722774085e-07,0.0,0.0,0.0,0.0,4.320174269190126e-300,0.0,0.0,0.0,0.0,0.0,0.0,0.0,0.0,0.0,0.0,0.0,0.0,0.0,0.0,4.320174269190126e-300,0.0,0.0,0.0
10300,9.999999999999999e-14,0.0,0.0,0.0,0.0,0.0,0.0,0.0,0.0,2e-13,0.005601768936709736,1.9641721967526553,0.00560897229745977,8.928527171993289e-05,0.0,0.014981916860283986,8.246894478445802e-05,3.87033814558172e-07,0.0,0.0,0.0,0.0,4.322925394947497e-300,0.0,0.0,0.0,0.0,0.0,0.0,0.0,0.0,0.0,0.0,0.0,0.0,0.0,0.0,4.322925394947497e-300,0.0,0.0,0.0
10400,9.999999999999999e-14,0.0,0.0,0.0,0.0,0.0,0.0,0.0,0.0,2e-13,0.006106490572046328,1.9651465847234297,0.006114654007454721,9.422169513691139e-05,0.0,0.01423541971218446,8.645416716675298e-05,3.9590743823382305e-07,0.0,0.0,0.0,0.0,4.325634040546682e-300,0.0,0.0,0.0,0.0,0.0,0.0,0.0,0.0,0.0,0.0,0.0,0.0,0.0,0.0,4.325634040546682e-300,0.0,0.0,0.0
10500,9.999999999999999e-14,0.0,0.0,0.0,0.0,0.0,0.0,0.0,0.0,2e-13,0.006646353881074001,1.9659880713061098,0.006655544518908658,9.930907035501207e-05,0.0,0.013537610822411152,9.052258111113598e-05,4.041485907797651e-07,0.0,0.0,0.0,0.0,4.328313087212694e-300,0.0,0.0,0.0,0.0,0.0,0.0,0.0,0.0,0.0,0.0,0.0,0.0,0.0,0.0,4.328313087212694e-300,0.0,0.0,0.0
10600,9.999999999999999e-14,0.0,0.0,0.0,0.0,0.0,0.0,0.0,0.0,2e-13,0.007223038323234218,1.9667027651260438,0.007233325206108536,0.00010454652495908157,0.0,0.012884598521122222,9.467134610329456e-05,4.1170401853282325e-07,0.0,0.0,0.0,0.0,4.330974640264777e-300,0.0,0.0,0.0,0.0,0.0,0.0,0.0,0.0,0.0,0.0,0.0,0.0,0.0,0.0,4.330974640264777e-300,0.0,0.0,0.0
10700,9.999999999999999e-14,0.0,0.0,0.0,0.0,0.0,0.0,0.0,0.0,2e-13,0.007838260548464327,1.9672960278893317,0.007849714522267787,0.00010993297381899802,0.0,0.012272846262381145,9.889752236273832e-05,4.185223471994072e-07,0.0,0.0,0.0,0.0,4.333630114765517e-300,0.0,0.0,0.0,0.0,0.0,0.0,0.0,0.0,0.0,0.0,0.0,0.0,0.0,0.0,4.333630114765517e-300,0.0,0.0,0.0
10800,9.999999999999999e-14,0.0,0.0,0.0,0.0,0.0,0.0,0.0,0.0,2e-13,0.008493773558504369,1.9677725468636804,0.008506467146784451,0.00011546711965093513,0.0,0.011699136794188367,0.0001031980859623984,4.24554591551973e-07,0.0,0.0,0.0,0.0,4.336290311478782e-300,0.0,0.0,0.0,0.0,0.0,0.0,0.0,0.0,0.0,0.0,0.0,0.0,0.0,0.0,4.336290311478782e-300,0.0,0.0,0.0
10900,9.999999999999999e-14,0.0,0.0,0.0,0.0,0.0,0.0,0.0,0.0,2e-13,0.0091913658367744,1.9681363996082715,0.00920537310064757,0.00012114745367910181,0.0,0.011160540219335631,0.00010756994448585963,4.297546799260351e-07,0.0,0.0,0.0,0.0,4.3389654843083905e-300,0.0,0.0,0.0,0.0,0.0,0.0,0.0,0.0,0.0,0.0,0.0,0.0,0.0,0.0,4.3389654843083905e-300,0.0,0.0,0.0
11000,9.999999999999999e-14,0.0,0.0,0.0,0.0,0.0,0.0,0.0,0.0,2e-13,0.00993286043817882,1.9683911118266222,0.009948256821729713,0.00012697225656689942,0.0,0.01065438551438385,0.00011200995298654098,4.3407997054084253e-07,0.0,0.0,0.0,0.0,4.341665400138923e-300,0.0,0.0,0.0,0.0,0.0,0.0,0.0,0.0,0.0,0.0,0.0,0.0,0.0,0.0,4.341665400138923e-300,0.0,0.0,0.0
11100,9.999999999999999e-14,0.0,0.0,0.0,0.0,0.0,0.0,0.0,0.0,2e-13,0.010720114051668062,1.9685397091245862,0.010736976212733867,0.00013293959953103934,0.0,0.010178235109358528,0.00011651493024057208,4.3749177533973635e-07,0.0,0.0,0.0,0.0,4.344399391969685e-300,0.0,0.0,0.0,0.0,0.0,0.0,0.0,0.0,0.0,0.0,0.0,0.0,0.0,0.0,4.344399391969685e-300,0.0,0.0,0.0
11200,9.999999999999999e-14,0.0,0.0,0.0,0.0,0.0,0.0,0.0,0.0,2e-13,0.011555016029253684,1.968584763374567,0.011573421655692194,0.00013904734571593838,0.0,0.009729862180794954,0.00012108167514737346,4.3995586994575075e-07,0.0,0.0,0.0,0.0,4.347176406082812e-300,0.0,0.0,0.0,0.0,0.0,0.0,0.0,0.0,0.0,0.0,0.0,0.0,0.0,0.0,4.347176406082812e-300,0.0,0.0,0.0
11300,9.999999999999999e-14,0.0,0.0,0.0,0.0,0.0,0.0,0.0,0.0,2e-13,0.012439487385074619,1.9685284342945628,0.012459514996328946,0.0001452931516299372,0.0,0.009307230352167668,0.00012570698337340615,4.414429977958308e-07,0.0,0.0,0.0,0.0,4.3500050439176135e-300,0.0,0.0,0.0,0.0,0.0,0.0,0.0,0.0,0.0,0.0,0.0,0.0,0.0,0.0,4.3500050439176135e-300,0.0,0.0,0.0
11400,9.999999999999999e-14,0.0,0.0,0.0,0.0,0.0,0.0,0.0,0.0,2e-13,0.013375479774536677,1.9683725067940943,0.01339720850875806,0.00015167446886099546,0.0,0.008908475520663203,0.00013038766395995834,4.419293203517763e-07,0.0,0.0,0.0,0.0,4.352893599283989e-300,0.0,0.0,0.0,0.0,0.0,0.0,0.0,0.0,0.0,0.0,0.0,0.0,0.0,0.0,4.352893599283989e-300,0.0,0.0,0.0
11500,9.999999999999999e-14,0.0,0.0,0.0,0.0,0.0,0.0,0.0,0.0,2e-13,0.014364974444627924,1.9681184245505485,0.014388483831475526,0.0001581885459438107,0.0,0.008531889582984717,0.00013512055596376653,4.4139686755007356e-07,0.0,0.0,0.0,0.0,4.355850091388949e-300,0.0,0.0,0.0,0.0,0.0,0.0,0.0,0.0,0.0,0.0,0.0,0.0,0.0,0.0,4.355850091388949e-300,0.0,0.0,0.0
11600,9.999999999999999e-14,0.0,0.0,0.0,0.0,0.0,0.0,0.0,0.0,2e-13,0.01540998115795619,1.9677673202340933,0.015435350877313778,0.00016483243042579595,0.0,0.008175905849964478,0.0001399025449936665,4.398339254630222e-07,0.0,0.0,0.0,0.0,4.3588822941388086e-300,0.0,0.0,0.0,0.0,0.0,0.0,0.0,0.0,0.0,0.0,0.0,0.0,0.0,0.0,4.3588822941388086e-300,0.0,0.0,0.0
11700,9.999999999999999e-14,0.0,0.0,0.0,0.0,0.0,0.0,0.0,0.0,2e-13,0.016512537104736724,1.9673200427750817,0.016539846731340728,0.00017160297096564152,0.0,0.007839085945995845,0.00014473057973591222,4.372353742803584e-07,0.0,0.0,0.0,0.0,4.3619977621906875e-300,0.0,0.0,0.0,0.0,0.0,0.0,0.0,0.0,0.0,0.0,0.0,0.0,0.0,0.0,4.3619977621906875e-300,0.0,0.0,0.0
11800,9.999999999999999e-14,0.0,0.0,0.0,0.0,0.0,0.0,0.0,0.0,2e-13,0.01767470578256052,1.9667771819772348,0.0177040345173358,0.0001784968198682117,0.0,0.00752010805152368,0.00014960168807492787,4.3360298199513817e-07,0.0,0.0,0.0,0.0,4.365203854018244e-300,0.0,0.0,0.0,0.0,0.0,0.0,0.0,0.0,0.0,0.0,0.0,0.0,0.0,0.0,4.365203854018244e-300,0.0,0.0,0.0
11900,9.999999999999999e-14,0.0,0.0,0.0,0.0,0.0,0.0,0.0,0.0,2e-13,0.01889857587249493,1.9661390907734055,0.01893000226043983,0.00018551043552743622,0.0,0.007217756326319123,0.00015451299318861684,4.2894560607870406e-07,0.0,0.0,0.0,0.0,4.36850775240535e-300,0.0,0.0,0.0,0.0,0.0,0.0,0.0,0.0,0.0,0.0,0.0,0.0,0.0,0.0,4.36850775240535e-300,0.0,0.0,0.0
12000,9.999999999999999e-14,0.0,0.0,0.0,0.0,0.0,0.0,0.0,0.0,2e-13,0.020186260081383387,1.965405905407881,0.020219861716464647,0.00019264008506414523,0.0,0.006930911386420007,0.0001594617293292042,4.232793463195313e-07,0.0,0.0,0.0,0.0,4.3719164825788494e-300,0.0,0.0,0.0,0.0,0.0,0.0,0.0,0.0,0.0,0.0,0.0,0.0,0.0,0.0,4.3719164825788494e-300,0.0,0.0,0.0
12100,9.999999999999999e-14,0.0,0.0,0.0,0.0,0.0,0.0,0.0,0.0,2e-13,0.021539893982686124,1.9645775637128677,0.021575747200490086,0.0001998818473338768,0.0,0.006658541734721279,0.0001644452571314522,4.1662760153435177e-07,0.0,0.0,0.0,0.0,4.3754369282683215e-300,0.0,0.0,0.0,0.0,0.0,0.0,0.0,0.0,0.0,0.0,0.0,0.0,0.0,0.0,4.3754369282683215e-300,0.0,0.0,0.0
12200,9.999999999999999e-14,0.0,0.0,0.0,0.0,0.0,0.0,0.0,0.0,2e-13,0.022961634827446183,1.9636538217479287,0.02299981438565052,0.00020723161588278156,0.0,0.006399696025296759,0.00016946107872537998,4.090210469279072e-07,0.0,0.0,0.0,0.0,4.37907584589091e-300,0.0,0.0,0.0,0.0,0.0,0.0,0.0,0.0,0.0,0.0,0.0,0.0,0.0,0.0,4.37907584589091e-300,0.0,0.0,0.0
12300,9.999999999999999e-14,0.0,0.0,0.0,0.0,0.0,0.0,0.0,0.0,2e-13,0.02445366035005437,1.9626342689329261,0.024494239097390097,0.0002146851021891266,0.0,0.00615349608365614,0.0001745068523721122,4.0049751870271406e-07,0.0,0.0,0.0,0.0,4.3828398770843894e-300,0.0,0.0,0.0,0.0,0.0,0.0,0.0,0.0,0.0,0.0,0.0,0.0,0.0,0.0,4.3828398770843894e-300,0.0,0.0,0.0
12400,9.999999999999999e-14,0.0,0.0,0.0,0.0,0.0,0.0,0.0,0.0,2e-13,0.026018167554723703,1.9615183418544762,0.026061216088647452,0.00022223783892144175,0.0,0.005919130600166437,0.00017958040680418792,3.911018064948497e-07,0.0,0.0,0.0,0.0,4.386735559737255e-300,0.0,0.0,0.0,0.0,0.0,0.0,0.0,0.0,0.0,0.0,0.0,0.0,0.0,0.0,4.386735559737255e-300,0.0,0.0,0.0
12500,9.999999999999999e-14,0.0,0.0,0.0,0.0,0.0,0.0,0.0,0.0,2e-13,0.027657371488313966,1.9603053368799923,0.027702957802475052,0.00022988518369451073,0.0,0.00569584942648277,0.00018467975488504357,3.8088535161250566e-07,0.0,0.0,0.0,0.0,4.390769337681273e-300,0.0,0.0,0.0,0.0,0.0,0.0,0.0,0.0,0.0,0.0,0.0,0.0,0.0,0.0,4.390769337681273e-300,0.0,0.0,0.0
12600,9.999999999999999e-14,0.0,0.0,0.0,0.0,0.0,0.0,0.0,0.0,2e-13,0.02937350399846388,1.9589944217070034,0.029421693119731432,0.00023762232257159907,0.0,0.005482958412140659,0.00018980310715492683,3.6990585087884273e-07,0.0,0.0,0.0,0.0,4.394947569179459e-300,0.0,0.0,0.0,0.0,0.0,0.0,0.0,0.0,0.0,0.0,0.0,0.0,0.0,0.0,4.394947569179459e-300,0.0,0.0,0.0
12700,9.999999999999999e-14,0.0,0.0,0.0,0.0,0.0,0.0,0.0,0.0,2e-13,0.03116881247754068,1.9575846459566613,0.031219666093685393,0.0002454442740607814,0.0,0.005279814726141035,0.00019494888468557116,3.582267694961659e-07,0.0,0.0,0.0,0.0,4.3992765343317396e-300,0.0,0.0,0.0,0.0,0.0,0.0,0.0,0.0,0.0,0.0,0.0,0.0,0.0,0.0,4.3992765343317396e-300,0.0,0.0,0.0
12800,9.999999999999999e-14,0.0,0.0,0.0,0.0,0.0,0.0,0.0,0.0,2e-13,0.03304555859122021,1.956074950914172,0.033099134669502796,0.00025334589312922155,0.0,0.005085822613021748,0.00020011573161158848,3.459167649506962e-07,0.0,0.0,0.0,0.0,4.403762441504463e-300,0.0,0.0,0.0,0.0,0.0,0.0,0.0,0.0,0.0,0.0,0.0,0.0,0.0,0.0,4.403762441504463e-300,0.0,0.0,0.0
12900,9.999999999999999e-14,0.0,0.0,0.0,0.0,0.0,0.0,0.0,0.0,2e-13,0.035006016992866366,1.9544641784995929,0.03506236939024092,0.0002613218755058398,0.0,0.004900429540935844,0.00020530252716272778,3.3304903146212885e-07,0.0,0.0,0.0,0.0,4.4084114328790355e-300,0.0,0.0,0.0,0.0,0.0,0.0,0.0,0.0,0.0,0.0,0.0,0.0,0.0,0.0,4.4084114328790355e-300,0.0,0.0,0.0
13000,9.999999999999999e-14,0.0,0.0,0.0,0.0,0.0,0.0,0.0,0.0,2e-13,0.03705247402196664,1.9527510795526553,0.03711165208732402,0.00026936676203711586,0.0,0.004723122700972254,0.00021050839724949733,3.197005697464063e-07,0.0,0.0,0.0,0.0,4.413229589204262e-300,0.0,0.0,0.0,0.0,0.0,0.0,0.0,0.0,0.0,0.0,0.0,0.0,0.0,0.0,4.413229589204262e-300,0.0,0.0,0.0
13100,9.999999999999999e-14,0.0,0.0,0.0,0.0,0.0,0.0,0.0,0.0,2e-13,0.03918722638565936,1.9509343215018153,0.039249274554654524,0.00027747494341172536,0.0,0.004553425822658354,0.000215732725808791,3.059513922163086e-07,0.0,0.0,0.0,0.0,4.418222933825937e-300,0.0,0.0,0.0,0.0,0.0,0.0,0.0,0.0,0.0,0.0,0.0,0.0,0.0,0.0,4.418222933825937e-300,0.0,0.0,0.0
13200,9.999999999999999e-14,0.0,0.0,0.0,0.0,0.0,0.0,0.0,0.0,2e-13,0.04141257982362728,1.9490124954789916,0.04147753720652886,0.0002856406647993458,0.0,0.004390896275388081,0.00022097516557478909,2.9188367699133294e-07,0.0,0.0,0.0,0.0,4.423397436060725e-300,0.0,0.0,0.0,0.0,0.0,0.0,0.0,0.0,0.0,0.0,0.0,0.0,0.0,0.0,4.423397436060725e-300,0.0,0.0,0.0
13300,9.999999999999999e-14,0.0,0.0,0.0,0.0,0.0,0.0,0.0,0.0,2e-13,0.04373084775528986,1.9469841229375526,0.043798747718573706,0.0002938580309841061,0.0,0.0042351224267808815,0.0002262356485820429,2.775808817965572e-07,0.0,0.0,0.0,0.0,4.4287590139742983e-300,0.0,0.0,0.0,0.0,0.0,0.0,0.0,0.0,0.0,0.0,0.0,0.0,0.0,0.0,4.4287590139742983e-300,0.0,0.0,0.0
13400,9.999999999999999e-14,0.0,0.0,0.0,0.0,0.0,0.0,0.0,0.0,2e-13,0.04614434990584363,1.9448476618272463,0.04621521964773224,0.00030212101146634917,0.0,0.004085721233334385,0.0002315143964104776,2.631268327453858e-07,0.0,0.0,0.0,0.0,4.434313536609641e-300,0.0,0.0,0.0,0.0,0.0,0.0,0.0,0.0,0.0,0.0,0.0,0.0,0.0,0.0,4.434313536609641e-300,0.0,0.0,0.0
13500,9.999999999999999e-14,0.0,0.0,0.0,0.0,0.0,0.0,0.0,0.0,2e-13,0.048655410913370806,1.9426015123683869,0.048729271033951006,0.0003104234458792358,0.0,0.003942336040786494,0.00023681193010198409,2.4860480294182826e-07,0.0,0.0,0.0,0.0,4.4400668257195665e-300,0.0,0.0,0.0,0.0,0.0,0.0,0.0,0.0,0.0,0.0,0.0,0.0,0.0,0.0,4.4400668257195665e-300,0.0,0.0,0.0
13600,9.999999999999999e-14,0.0,0.0,0.0,0.0,0.0,0.0,0.0,0.0,2e-13,0.051266358912730514,1.9402440224697775,0.051343222978981355,0.0003187590495578579,0.0,0.0038046345741408263,0.0002421290799038721,2.340965968505985e-07,0.0,0.0,0.0,0.0,4.446024657037267e-300,0.0,0.0,0.0,0.0,0.0,0.0,0.0,0.0,0.0,0.0,0.0,0.0,0.0,0.0,4.446024657037267e-300,0.0,0.0,0.0
13700,9.999999999999999e-14,0.0,0.0,0.0,0.0,0.0,0.0,0.0,0.0,2e-13,0.05397952409808761,1.9377734928244736,0.054059398204205356,0.000327121419317253,0.0,0.003672307099289104,0.00024746699485603274,2.1968165652004053e-07,0.0,0.0,0.0,0.0,4.452192761128088e-300,0.0,0.0,0.0,0.0,0.0,0.0,0.0,0.0,0.0,0.0,0.0,0.0,0.0,0.0,4.452192761128088e-300,0.0,0.0,0.0
13800,9.999999999999999e-14,0.0,0.0,0.0,0.0,0.0,0.0,0.0,0.0,2e-13,0.05679723724773026,1.9351881817320264,0.05688011957107516,0.0003355040394320077,0.0,0.0035450647400348577,0.00025282715229278424,2.0543620568720592e-07,0.0,0.0,0.0,0.0,4.458576823822042e-300,0.0,0.0,0.0,0.0,0.0,0.0,0.0,0.0,0.0,0.0,0.0,0.0,0.0,0.0,4.458576823822042e-300,0.0,0.0,0.0
13900,9.999999999999999e-14,0.0,0.0,0.0,0.0,0.0,0.0,0.0,0.0,2e-13,0.059721828245176314,1.9324863096421987,0.05980770859811801,0.0003439002878221748,0.0,0.0034226379359554226,0.0002582113673277539,1.9143244727383468e-07,0.0,0.0,0.0,0.0,4.4651824863322815e-300,0.0,0.0,0.0,0.0,0.0,0.0,0.0,0.0,0.0,0.0,0.0,0.0,0.0,0.0,4.4651824863322815e-300,0.0,0.0,0.0
14000,9.999999999999999e-14,0.0,0.0,0.0,0.0,0.0,0.0,0.0,0.0,2e-13,0.06275562454864919,1.929666063494089,0.06284448392649009,0.0003523034424249016,0.0,0.003304775028056438,0.0002636218024129175,1.777378289152442e-07,0.0,0.0,0.0,0.0,4.4720153449836475e-300,0.0,0.0,0.0,0.0,0.0,0.0,0.0,0.0,0.0,0.0,0.0,0.0,0.0,0.0,4.4720153449836475e-300,0.0,0.0,0.0
14100,9.999999999999999e-14,0.0,0.0,0.0,0.0,0.0,0.0,0.0,0.0,2e-13,0.06590094963477536,1.9267256008484366,0.06599275975998693,0.00036070668781138486,0.0,0.003191240960303796,0.0002690609769894959,1.6441438969398012e-07,0.0,0.0,0.0,0.0,4.479080950633161e-300,0.0,0.0,0.0,0.0,0.0,0.0,0.0,0.0,0.0,0.0,0.0,0.0,0.0,0.0,4.479080950633161e-300,0.0,0.0,0.0
14200,9.999999999999999e-14,0.0,0.0,0.0,0.0,0.0,0.0,0.0,0.0,2e-13,0.06916012141311625,1.9236630538372164,0.06925484427574442,0.000369103121962048,0.0,0.0030818160866049066,0.0002745317775337237,1.5151819985891147e-07,0.0,0.0,0.0,0.0,4.486384807797133e-300,0.0,0.0,0.0,0.0,0.0,0.0,0.0,0.0,0.0,0.0,0.0,0.0,0.0,0.0,4.486384807797133e-300,0.0,0.0,0.0
14300,9.999999999999999e-14,0.0,0.0,0.0,0.0,0.0,0.0,0.0,0.0,2e-13,0.07253545059761864,1.9204765329640685,0.07263303799213217,0.0003774857632889527,0.0,0.002976295073474943,0.00028003746767799005,1.390989026027084e-07,0.0,0.0,0.0,0.0,4.4939323734765276e-300,0.0,0.0,0.0,0.0,0.0,0.0,0.0,0.0,0.0,0.0,0.0,0.0,0.0,0.0,4.4939323734765276e-300,0.0,0.0,0.0
14400,9.999999999999999e-14,0.0,0.0,0.0,0.0,0.0,0.0,0.0,0.0,2e-13,0.07602923904514193,1.9171641307618075,0.07612963210340214,0.0003858475578091418,0.0,0.0028744858900065355,0.00028558169891647556,1.271993675616241e-07,0.0,0.0,0.0,0.0,4.501729055719679e-300,0.0,0.0,0.0,0.0,0.0,0.0,0.0,0.0,0.0,0.0,0.0,0.0,0.0,0.0,4.501729055719679e-300,0.0,0.0,0.0
14500,9.999999999999999e-14,0.0,0.0,0.0,0.0,0.0,0.0,0.0,0.0,2e-13,0.07964377804886776,1.9137239253355431,0.07974690676893552,0.00039418138657709505,0.0,0.0027762088768525173,0.00029116852196433044,1.1585545499084135e-07,0.0,0.0,0.0,0.0,4.509780211913818e-300,0.0,0.0,0.0,0.0,0.0,0.0,0.0,0.0,0.0,0.0,0.0,0.0,0.0,0.0,4.509780211913818e-300,0.0,0.0,0.0
14600,9.999999999999999e-14,0.0,0.0,0.0,0.0,0.0,0.0,0.0,0.0,2e-13,0.08338134658458617,1.9101539838065373,0.08348712935523228,0.0004024800732961034,0.0,0.0026812958878159273,0.00029680239855073976,1.0509590076990512e-07,0.0,0.0,0.0,0.0,4.5180911468153304e-300,0.0,0.0,0.0,0.0,0.0,0.0,0.0,0.0,0.0,0.0,0.0,0.0,0.0,0.0,4.5180911468153304e-300,0.0,0.0,0.0
14700,9.999999999999999e-14,0.0,0.0,0.0,0.0,0.0,0.0,0.0,0.0,2e-13,0.08724420951490447,1.9064523656650552,0.08735255263520135,0.00041073639211944274,0.0,0.0025895894971580294,0.00030248821413809865,9.494231551695615e-08,0.0,0.0,0.0,0.0,4.5266671103436593e-300,0.0,0.0,0.0,0.0,0.0,0.0,0.0,0.0,0.0,0.0,0.0,0.0,0.0,0.0,4.5266671103436593e-300,0.0,0.0,0.0
14800,9.999999999999999e-14,0.0,0.0,0.0,0.0,0.0,0.0,0.0,0.0,2e-13,0.09123461573897158,1.9026171260557037,0.09134541293242286,0.000418943075673663,0.0,0.002500942267084632,0.00030823129151910715,8.540929670979198e-08,0.0,0.0,0.0,0.0,4.5355132951240766e-300,0.0,0.0,0.0,0.0,0.0,0.0,0.0,0.0,0.0,0.0,0.0,0.0,0.0,0.0,4.5355132951240766e-300,0.0,0.0,0.0
14900,9.999999999999999e-14,0.0,0.0,0.0,0.0,0.0,0.0,0.0,0.0,2e-13,0.09535479629387751,1.8986463189996057,0.09546792821626747,0.00042709282324265445,0.0,0.002415216070092181,0.00031403740550140337,7.650464869990372e-08,0.0,0.0,0.0,0.0,4.544634833803692e-300,0.0,0.0,0.0,0.0,0.0,0.0,0.0,0.0,0.0,0.0,0.0,0.0,0.0,0.0,4.544634833803692e-300,0.0,0.0,0.0
15000,9.999999999999999e-14,0.0,0.0,0.0,0.0,0.0,0.0,0.0,0.0,2e-13,0.0996069623966968,1.8945380005737007,0.09972229613677469,0.00043517830916757933,0.0,0.002332281461486508,0.0003199127987906907,6.822970102619792e-08,0.0,0.0,0.0,0.0,4.554036796126868e-300,0.0,0.0,0.0,0.0,0.0,0.0,0.0,0.0,0.0,0.0,0.0,0.0,0.0,0.0,4.554036796126868e-300,0.0,0.0,0.0
15100,9.999999999999999e-14,0.0,0.0,0.0,0.0,0.0,0.0,0.0,0.0,2e-13,0.10399330342925266,1.890290232053628,0.10411069200112295,0.00044319219141875186,0.0,0.0022520170977355634,0.0003258641992641886,6.057971571832742e-08,0.0,0.0,0.0,0.0,4.563724185783423e-300,0.0,0.0,0.0,0.0,0.0,0.0,0.0,0.0,0.0,0.0,0.0,0.0,0.0,0.0,4.563724185783423e-300,0.0,0.0,0.0
15200,9.999999999999999e-14,0.0,0.0,0.0,0.0,0.0,0.0,0.0,0.0,2e-13,0.10851598486008253,1.8859010830332963,0.108635266686045,0.0004511271203714173,0.0,0.002174309196794928,0.0003318988387790243,5.3544370091426736e-08,0.0,0.0,0.0,0.0,4.573701937025806e-300,0.0,0.0,0.0,0.0,0.0,0.0,0.0,0.0,0.0,0.0,0.0,0.0,0.0,0.0,4.573701937025806e-300,0.0,0.0,0.0
15300,9.999999999999999e-14,0.0,0.0,0.0,0.0,0.0,0.0,0.0,0.0,2e-13,0.11317714611046235,1.8813686345215308,0.11329814449270188,0.00045897574768353615,0.0,0.002099051036788943,0.00033802447374826325,4.710830426046504e-08,0.0,0.0,0.0,0.0,4.583974911077546e-300,0.0,0.0,0.0,0.0,0.0,0.0,0.0,0.0,0.0,0.0,0.0,0.0,0.0,0.0,4.583974911077546e-300,0.0,0.0,0.0
15400,9.999999999999999e-14,0.0,0.0,0.0,0.0,0.0,0.0,0.0,0.0,2e-13,0.11797889832562526,1.8766909820604658,0.11810142090510772,0.00046673073549355424,0.0,0.0020261424898247865,0.000344249407726577,4.1251715480207796e-08,0.0,0.0,0.0,0.0,4.5945478922550075e-300,0.0,0.0,0.0,0.0,0.0,0.0,0.0,0.0,0.0,0.0,0.0,0.0,0.0,0.0,4.5945478922550075e-300,0.0,0.0,0.0
15500,9.999999999999999e-14,0.0,0.0,0.0,0.0,0.0,0.0,0.0,0.0,2e-13,0.12292332211767998,1.8718662388052105,0.12304716031840174,0.00047438476558998724,0.0,0.0019554895883587466,0.00035058251585412325,3.5950985909966636e-08,0.0,0.0,0.0,0.0,4.605425583952867e-300,0.0,0.0,0.0,0.0,0.0,0.0,0.0,0.0,0.0,0.0,0.0,0.0,0.0,0.0,4.605425583952867e-300,0.0,0.0,0.0
15600,9.999999999999999e-14,0.0,0.0,0.0,0.0,0.0,0.0,0.0,0.0,2e-13,0.1280124652024753,1.8668925386479165,0.12813739365849974,0.00048193054886515736,0.0,0.0018870041206594731,0.0003570332721700979,3.1179329448388405e-08,0.0,0.0,0.0,0.0,4.616612604329862e-300,0.0,0.0,0.0,0.0,0.0,0.0,0.0,0.0,0.0,0.0,0.0,0.0,0.0,0.0,4.616612604329862e-300,0.0,0.0,0.0
15700,9.999999999999999e-14,0.0,0.0,0.0,0.0,0.0,0.0,0.0,0.0,2e-13,0.1332483399731864,1.86176803934745,0.1333741159363231,0.0004893608348732231,0.0,0.0018206032538576704,0.0003636117791777908,2.6907441238825514e-08,0.0,0.0,0.0,0.0,4.6281134817922505e-300,0.0,0.0,0.0,0.0,0.0,0.0,0.0,0.0,0.0,0.0,0.0,0.0,0.0,0.0,4.6281134817922505e-300,0.0,0.0,0.0
15800,9.999999999999999e-14,0.0,0.0,0.0,0.0,0.0,0.0,0.0,0.0,2e-13,0.1386329209949821,1.8564909256850928,0.13875928372014754,0.0004966684215218199,0.0,0.001756209181789061,0.0003703288004932409,2.31041368498654e-08,0.0,0.0,0.0,0.0,4.639932650245389e-300,0.0,0.0,0.0,0.0,0.0,0.0,0.0,0.0,0.0,0.0,0.0,0.0,0.0,0.0,4.639932650245389e-300,0.0,0.0,0.0
15900,9.999999999999999e-14,0.0,0.0,0.0,0.0,0.0,0.0,0.0,0.0,2e-13,0.14416814241910678,1.8510594126514601,0.144294812524287,0.0005038461648902028,0.0,0.0016937487958356972,0.00037719579667797254,1.9736968014457003e-08,0.0,0.0,0.0,0.0,4.652074444113495e-300,0.0,0.0,0.0,0.0,0.0,0.0,0.0,0.0,0.0,0.0,0.0,0.0,0.0,0.0,4.652074444113495e-300,0.0,0.0,0.0
16000,9.999999999999999e-14,0.0,0.0,0.0,0.0,0.0,0.0,0.0,0.0,2e-13,0.14985589531317237,1.8454717486712517,0.1499825741105386,0.0005108869891661457,0.0,0.0016331533769145493,0.0003842249646034432,1.6772803604729638e-08,0.0,0.0,0.0,0.0,4.6645430931238874e-300,0.0,0.0,0.0,0.0,0.0,0.0,0.0,0.0,0.0,0.0,0.0,0.0,0.0,0.0,4.6645430931238874e-300,0.0,0.0,0.0
16100,9.999999999999999e-14,0.0,0.0,0.0,0.0,0.0,0.0,0.0,0.0,2e-13,0.15569802490958787,1.8397262188669712,0.15582439370392057,0.0005177838966736524,0.0,0.0015743583069440226,0.0003914292807071514,1.4178366221508137e-08,0.0,0.0,0.0,0.0,4.6773427168628414e-300,0.0,0.0,0.0,0.0,0.0,0.0,0.0,0.0,0.0,0.0,0.0,0.0,0.0,0.0,4.6773427168628414e-300,0.0,0.0,0.0
16200,9.999999999999999e-14,0.0,0.0,0.0,0.0,0.0,0.0,0.0,0.0,2e-13,0.1616963277646863,1.8338211483716598,0.16182204711489453,0.0005245299780022066,0.0,0.0015173027982942656,0.0003988225485106623,1.1920716668585466e-08,0.0,0.0,0.0,0.0,4.690477319089237e-300,0.0,0.0,0.0,0.0,0.0,0.0,0.0,0.0,0.0,0.0,0.0,0.0,0.0,0.0,4.690477319089237e-300,0.0,0.0,0.0
16300,9.999999999999999e-14,0.0,0.0,0.0,0.0,0.0,0.0,0.0,0.0,2e-13,0.16785254882858308,1.827754905665914,0.1679772577676563,0.0005311184222056967,0.0,0.001461929653418233,0.00040641945081307983,9.967680587414925e-09,0.0,0.0,0.0,0.0,4.7039507817788206e-300,0.0,0.0,0.0,0.0,0.0,0.0,0.0,0.0,0.0,0.0,0.0,0.0,0.0,0.0,4.7039507817788206e-300,0.0,0.0,0.0
16400,9.999999999999999e-14,0.0,0.0,0.0,0.0,0.0,0.0,0.0,0.0,2e-13,0.17416837844298802,1.8215259060902085,0.17429169365113845,0.0005375425270547123,0.0,0.001408184970267867,0.000414235607117953,8.288213695509617e-09,0.0,0.0,0.0,0.0,4.7177668591184825e-300,0.0,0.0,0.0,0.0,0.0,0.0,0.0,0.0,0.0,0.0,0.0,0.0,0.0,0.0,4.7177668591184825e-300,0.0,0.0,0.0
16500,9.999999999999999e-14,0.0,0.0,0.0,0.0,0.0,0.0,0.0,0.0,2e-13,0.18064544921411116,1.8151326151644527,0.18076696413962962,0.0005437957093540855,0.0,0.0013560180038398578,0.00042228763653892544,6.852703268717806e-09,0.0,0.0,0.0,0.0,4.7319291708784334e-300,0.0,0.0,0.0,0.0,0.0,0.0,0.0,0.0,0.0,0.0,0.0,0.0,0.0,0.0,4.7319291708784334e-300,0.0,0.0,0.0
16600,9.999999999999999e-14,0.0,0.0,0.0,0.0,0.0,0.0,0.0,0.0,2e-13,0.18728533283049914,1.8085735522151742,0.18740461675188505,0.0005498715152694184,0.0,0.0013053808983376318,0.000430593227090977,5.6332074788067334e-09,0.0,0.0,0.0,0.0,4.746441195932068e-300,0.0,0.0,0.0,0.0,0.0,0.0,0.0,0.0,0.0,0.0,0.0,0.0,0.0,0.0,4.746441195932068e-300,0.0,0.0,0.0
16700,9.999999999999999e-14,0.0,0.0,0.0,0.0,0.0,0.0,0.0,0.0,2e-13,0.19408953677414906,1.8018472939438364,0.1942061337967346,0.0005557636306759867,0.0,0.0012562284988205958,0.00043917121172323164,4.603632799106692e-09,0.0,0.0,0.0,0.0,4.761306265356894e-300,0.0,0.0,0.0,0.0,0.0,0.0,0.0,0.0,0.0,0.0,0.0,0.0,0.0,0.0,4.761306265356894e-300,0.0,0.0,0.0
16800,9.999999999999999e-14,0.0,0.0,0.0,0.0,0.0,0.0,0.0,0.0,2e-13,0.20105950094362368,1.7949524780674486,0.20117292892311303,0.0005614658914988977,0.0,0.0012085181670536227,0.00044804165186276097,3.739853242708568e-09,0.0,0.0,0.0,0.0,4.776527555319052e-300,0.0,0.0,0.0,0.0,0.0,0.0,0.0,0.0,0.0,0.0,0.0,0.0,0.0,0.0,4.776527555319052e-300,0.0,0.0,0.0
16900,9.999999999999999e-14,0.0,0.0,0.0,0.0,0.0,0.0,0.0,0.0,2e-13,0.20819659418902522,1.787887807026011,0.20830634357361555,0.0005669722940282667,0.0,0.0011622096039812263,0.00045722592921481947,3.0197768291215472e-09,0.0,0.0,0.0,0.0,4.7921080797342254e-300,0.0,0.0,0.0,0.0,0.0,0.0,0.0,0.0,0.0,0.0,0.0,0.0,0.0,0.0,4.7921080797342254e-300,0.0,0.0,0.0
17000,9.999999999999999e-14,0.0,0.0,0.0,0.0,0.0,0.0,0.0,0.0,2e-13,0.21550211075690737,1.780652051749554,0.21560764333882482,0.00057227700519574,0.0,0.0011172646830075767,0.00046674684664189074,2.4233636189378043e-09,0.0,0.0,0.0,0.0,4.808050682689859e-300,0.0,0.0,0.0,0.0,0.0,0.0,0.0,0.0,0.0,0.0,0.0,0.0,0.0,0.0,4.808050682689859e-300,0.0,0.0,0.0
17100,9.999999999999999e-14,0.0,0.0,0.0,0.0,0.0,0.0,0.0,0.0,2e-13,0.22297726666204762,1.773244055479175,0.22307801422833148,0.0005773743727505365,0.0,0.0010736472880007466,0.0004766287390686296,1.932601921969607e-09,0.0,0.0,0.0,0.0,4.824358030676609e-300,0.0,0.0,0.0,0.0,0.0,0.0,0.0,0.0,0.0,0.0,0.0,0.0,0.0,0.0,4.824358030676609e-300,0.0,0.0,0.0
17200,9.999999999999999e-14,0.0,0.0,0.0,0.0,0.0,0.0,0.0,0.0,2e-13,0.23062319594986666,1.765662737644129,0.23071855882136255,0.0005822589354164483,0.0,0.0010313231725268316,0.0004868975953696553,1.5314490762188796e-09,0.0,0.0,0.0,0.0,4.841032604512428e-300,0.0,0.0,0.0,0.0,0.0,0.0,0.0,0.0,0.0,0.0,0.0,0.0,0.0,0.0,4.841032604512428e-300,0.0,0.0,0.0
17300,9.999999999999999e-14,0.0,0.0,0.0,0.0,0.0,0.0,0.0,0.0,2e-13,0.23844094690570097,1.7579070977928932,0.23853029235183573,0.0005869254328679016,0.0,0.0009902598127814232,0.0004975811924765476,1.205743383136641e-09,0.0,0.0,0.0,0.0,4.858076691138435e-300,0.0,0.0,0.0,0.0,0.0,0.0,0.0,0.0,0.0,0.0,0.0,0.0,0.0,0.0,4.858076691138435e-300,0.0,0.0,0.0
17400,9.999999999999999e-14,0.0,0.0,0.0,0.0,0.0,0.0,0.0,0.0,2e-13,0.24643147817394792,1.7499762195692128,0.24651413868975053,0.0005913688156071485,0.0,0.0009504262765227746,0.0005087092428981727,9.430936866410243e-10,0.0,0.0,0.0,0.0,4.8754923751552156e-300,0.0,0.0,0.0,0.0,0.0,0.0,0.0,0.0,0.0,0.0,0.0,0.0,0.0,0.0,4.8754923751552156e-300,0.0,0.0,0.0
17500,9.999999999999999e-14,0.0,0.0,0.0,0.0,0.0,0.0,0.0,0.0,2e-13,0.2545956548121454,1.741869274732776,0.25467092624245474,0.0005955842546666986,0.0,0.0009117930949882977,0.0005203135571101914,7.327527752589935e-10,0.0,0.0,0.0,0.0,4.8932815301790895e-300,0.0,0.0,0.0,0.0,0.0,0.0,0.0,0.0,0.0,0.0,0.0,0.0,0.0,0.0,4.8932815301790895e-300,0.0,0.0,0.0
17600,9.999999999999999e-14,0.0,0.0,0.0,0.0,0.0,0.0,0.0,0.0,2e-13,0.26293424426240813,1.7335855272137128,0.26300138375669707,0.0005995671511638844,0.0,0.000874332151177124,0.0005324282223552351,5.654802538337494e-10,0.0,0.0,0.0,0.0,4.911445809947742e-300,0.0,0.0,0.0,0.0,0.0,0.0,0.0,0.0,0.0,0.0,0.0,0.0,0.0,0.0,4.911445809947742e-300,0.0,0.0,0.0
17700,9.999999999999999e-14,0.0,0.0,0.0,0.0,0.0,0.0,0.0,0.0,2e-13,0.27144791229302623,1.7251243371997138,0.27150613607229596,0.0006033131455742334,0.0,0.000838016557903285,0.0005450897997046776,4.3340013825379104e-10,0.0,0.0,0.0,0.0,4.929986639343617e-300,0.0,0.0,0.0,0.0,0.0,0.0,0.0,0.0,0.0,0.0,0.0,0.0,0.0,0.0,4.929986639343617e-300,0.0,0.0,0.0
17800,9.999999999999999e-14,0.0,0.0,0.0,0.0,0.0,0.0,0.0,0.0,2e-13,0.28013721885692944,1.7164851652418942,0.28018569977236296,0.0006068181268353703,0.0,0.0008028205581373992,0.0005583375412591331,3.2985735340150525e-10,0.0,0.0,0.0,0.0,4.948905205144613e-300,0.0,0.0,0.0,0.0,0.0,0.0,0.0,0.0,0.0,0.0,0.0,0.0,0.0,0.0,4.948905205144613e-300,0.0,0.0,0.0
17900,9.999999999999999e-14,0.0,0.0,0.0,0.0,0.0,0.0,0.0,0.0,2e-13,0.2890026139186589,1.7076675763734772,0.289040478779304,0.0006100782411515371,0.0,0.0007687194237730955,0.0005722136297834744,2.492770619001676e-10,0.0,0.0,0.0,0.0,4.9682024466611075e-300,0.0,0.0,0.0,0.0,0.0,0.0,0.0,0.0,0.0,0.0,0.0,0.0,0.0,0.0,4.9682024466611075e-300,0.0,0.0,0.0
18000,9.999999999999999e-14,0.0,0.0,0.0,0.0,0.0,0.0,0.0,0.0,2e-13,0.2980444332415422,1.6986712442314684,0.2980707598858423,0.0006130899005102169,0.0,0.0007356893606197906,0.0005867634432398653,1.8702971671604095e-10,0.0,0.0,0.0,0.0,4.987879046218924e-300,0.0,0.0,0.0,0.0,0.0,0.0,0.0,0.0,0.0,0.0,0.0,0.0,0.0,0.0,4.987879046218924e-300,0.0,0.0,0.0
18100,9.999999999999999e-14,0.0,0.0,0.0,0.0,0.0,0.0,0.0,0.0,2e-13,0.3072628941459254,1.6894959551794326,0.3072767082290887,0.0006158497908758536,0.0,0.0007037074137807022,0.0006020358470165297,1.3930407646841224e-10,0.0,0.0,0.0,0.0,5.007935419518451e-300,0.0,0.0,0.0,0.0,0.0,0.0,0.0,0.0,0.0,0.0,0.0,0.0,0.0,0.0,5.007935419518451e-300,0.0,0.0,0.0
18200,9.999999999999999e-14,0.0,0.0,0.0,0.0,0.0,0.0,0.0,0.0,2e-13,0.31665809124608524,1.6801416123439274,0.3166583627121184,0.0006183548800326477,0.0,0.000672751411781542,0.0006180835169893892,1.0298982394231198e-10,0.0,0.0,0.0,0.0,5.028371705796307e-300,0.0,0.0,0.0,0.0,0.0,0.0,0.0,0.0,0.0,0.0,0.0,0.0,0.0,0.0,5.028371705796307e-300,0.0,0.0,0.0
18300,9.999999999999999e-14,0.0,0.0,0.0,0.0,0.0,0.0,0.0,0.0,2e-13,0.32622999220349025,1.6706082397272826,0.3262156314070325,0.0006206024250309517,0.0,0.0006427998474964339,0.000634963297059517,7.557081184520683e-11,0.0,0.0,0.0,0.0,5.049187758084908e-300,0.0,0.0,0.0,0.0,0.0,0.0,0.0,0.0,0.0,0.0,0.0,0.0,0.0,0.0,5.049187758084908e-300,0.0,0.0,0.0
18400,9.999999999999999e-14,0.0,0.0,0.0,0.0,0.0,0.0,0.0,0.0,2e-13,0.3359784334363984,1.6608959861811508,0.3359482868757883,0.0006225899792470827,0.0,0.0006138318317907085,0.0006527365948865426,5.502939917563948e-11,0.0,0.0,0.0,0.0,5.0703831331362717e-300,0.0,0.0,0.0,0.0,0.0,0.0,0.0,0.0,0.0,0.0,0.0,0.0,0.0,0.0,5.0703831331362717e-300,0.0,0.0,0.0
18500,9.999999999999999e-14,0.0,0.0,0.0,0.0,0.0,0.0,0.0,0.0,2e-13,0.3459031158987201,1.6510051293254264,0.34585596151675035,0.0006243153989703359,0.0,0.0005858270187626339,0.0006714698207019902,3.976194555995753e-11,0.0,0.0,0.0,0.0,5.09195708146437e-300,0.0,0.0,0.0,0.0,0.0,0.0,0.0,0.0,0.0,0.0,0.0,0.0,0.0,0.0,5.09195708146437e-300,0.0,0.0,0.0
18600,9.999999999999999e-14,0.0,0.0,0.0,0.0,0.0,0.0,0.0,0.0,2e-13,0.35600360086432215,1.640936079392341,0.3559381428683588,0.0006257768495282106,0.0,0.0005587655421840276,0.0006912348739968061,2.8505164256410613e-11,0.0,0.0,0.0,0.0,5.1139085372709795e-300,0.0,0.0,0.0,0.0,0.0,0.0,0.0,0.0,0.0,0.0,0.0,0.0,0.0,0.0,5.1139085372709795e-300,0.0,0.0,0.0
18700,9.999999999999999e-14,0.0,0.0,0.0,0.0,0.0,0.0,0.0,0.0,2e-13,0.3662793057632303,1.630689382956709,0.36619416891044587,0.0006269728109015058,0.0,0.0005326279565403945,0.0007121096839586934,2.02727687333702e-11,0.0,0.0,0.0,0.0,5.136236108357496e-300,0.0,0.0,0.0,0.0,0.0,0.0,0.0,0.0,0.0,0.0,0.0,0.0,0.0,0.0,5.136236108357496e-300,0.0,0.0,0.0
18800,9.999999999999999e-14,0.0,0.0,0.0,0.0,0.0,0.0,0.0,0.0,2e-13,0.37672950007958306,1.6202657265362854,0.37662322336653276,0.0006279020828006994,0.0,0.0005073951825363559,0.0007341788101526583,1.4301656726167143e-11,0.0,0.0,0.0,0.0,5.1589380660303074e-300,0.0,0.0,0.0,0.0,0.0,0.0,0.0,0.0,0.0,0.0,0.0,0.0,0.0,0.0,5.1589380660303074e-300,0.0,0.0,0.0
18900,9.999999999999999e-14,0.0,0.0,0.0,0.0,0.0,0.0,0.0,0.0,2e-13,0.3873533013266716,1.6096659400398277,0.38722433101502585,0.00062856378917308,0.0,0.0004830484569542714,0.0007575341108256928,1.0006753654653522e-11,0.0,0.0,0.0,0.0,5.182012335017242e-300,0.0,0.0,0.0,0.0,0.0,0.0,0.0,0.0,0.0,0.0,0.0,0.0,0.0,0.0,5.182012335017242e-300,0.0,0.0,0.0
19000,9.999999999999999e-14,0.0,0.0,0.0,0.0,0.0,0.0,0.0,0.0,2e-13,0.398149671121321,1.5988910000250964,0.3979963530231376,0.0006289573821052207,0.0,0.00045956929045416956,0.000782275487232239,6.943574495903102e-12,0.0,0.0,0.0,0.0,5.205456483417401e-300,0.0,0.0,0.0,0.0,0.0,0.0,0.0,0.0,0.0,0.0,0.0,0.0,0.0,0.0,5.205456483417401e-300,0.0,0.0,0.0
19100,9.999999999999999e-14,0.0,0.0,0.0,0.0,0.0,0.0,0.0,0.0,2e-13,0.4091174113526691,1.5879420328139402,0.4089379822891361,0.0006290826451074538,0.0,0.00043693940751315426,0.0008085117134179123,4.777548547912222e-12,0.0,0.0,0.0,0.0,5.2292677127091865e-300,0.0,0.0,0.0,0.0,0.0,0.0,0.0,0.0,0.0,0.0,0.0,0.0,0.0,0.0,5.2292677127091865e-300,0.0,0.0,0.0
19200,9.999999999999999e-14,0.0,0.0,0.0,0.0,0.0,0.0,0.0,0.0,2e-13,0.42025516049985606,1.5768203172464466,0.42004773883639945,0.0006289396957210876,0.0,0.0004151407448204315,0.0008363613624367876,3.2591773598802806e-12,0.0,0.0,0.0,0.0,5.2534428477453e-300,0.0,0.0,0.0,0.0,0.0,0.0,0.0,0.0,0.0,0.0,0.0,0.0,0.0,0.0,5.2534428477453e-300,0.0,0.0,0.0
19300,9.999999999999999e-14,0.0,0.0,0.0,0.0,0.0,0.0,0.0,0.0,2e-13,0.4315613901062955,1.5655272873061736,0.4313239652547126,0.0006285289874285153,0.0,0.00039415538222265927,0.0008659538412155429,2.20414494588488e-12,0.0,0.0,0.0,0.0,5.277978326998375e-300,0.0,0.0,0.0,0.0,0.0,0.0,0.0,0.0,0.0,0.0,0.0,0.0,0.0,0.0,5.277978326998375e-300,0.0,0.0,0.0
19400,9.999999999999999e-14,0.0,0.0,0.0,0.0,0.0,0.0,0.0,0.0,2e-13,0.4430344013710954,1.5540645343951085,0.4427648221354081,0.0006278513108793143,0.0,0.0003739655295797205,0.0008974305480442668,1.4775753081404457e-12,0.0,0.0,0.0,0.0,5.302870192673223e-300,0.0,0.0,0.0,0.0,0.0,0.0,0.0,0.0,0.0,0.0,0.0,0.0,0.0,0.0,5.302870192673223e-300,0.0,0.0,0.0
19500,9.999999999999999e-14,0.0,0.0,0.0,0.0,0.0,0.0,0.0,0.0,2e-13,0.45467232196904267,1.5424338092746535,0.4543682835954356,0.0006269077943354135,0.0,0.00035455349768203324,0.0009309461689243009,9.81712049708176e-13,0.0,0.0,0.0,0.0,5.328114081048544e-300,0.0,0.0,0.0,0.0,0.0,0.0,0.0,0.0,0.0,0.0,0.0,0.0,0.0,0.0,5.328114081048544e-300,0.0,0.0,0.0
19600,9.999999999999999e-14,0.0,0.0,0.0,0.0,0.0,0.0,0.0,0.0,2e-13,0.4664731030642856,1.5306370236447173,0.46613213283728616,0.0006256999033459171,0.0,0.0003359016754870688,0.000966670130991731,6.463846000858987e-13,0.0,0.0,0.0,0.0,5.353705212884405e-300,0.0,0.0,0.0,0.0,0.0,0.0,0.0,0.0,0.0,0.0,0.0,0.0,0.0,0.0,5.353705212884405e-300,0.0,0.0,0.0
19700,9.999999999999999e-14,0.0,0.0,0.0,0.0,0.0,0.0,0.0,0.0,2e-13,0.4784345165086593,1.5186762513484615,0.4780539577148565,0.0006242294396519941,0.0,0.00031799251401735246,0.0010047882338764394,4.217132843974229e-13,0.0,0.0,0.0,0.0,5.379638383829875e-300,0.0,0.0,0.0,0.0,0.0,0.0,0.0,0.0,0.0,0.0,0.0,0.0,0.0,0.0,5.379638383829875e-300,0.0,0.0,0.0
19800,9.999999999999999e-14,0.0,0.0,0.0,0.0,0.0,0.0,0.0,0.0,2e-13,0.49055415232310234,1.5065537291183377,0.4901311463793127,0.0006224985392260239,0.0,0.0003008084978012602,0.0010455044832882775,2.7258982945863326e-13,0.0,0.0,0.0,0.0,5.4059079550332485e-300,0.0,0.0,0.0,0.0,0.0,0.0,0.0,0.0,0.0,0.0,0.0,0.0,0.0,0.0,5.4059079550332485e-300,0.0,0.0,0.0
19900,9.999999999999999e-14,0.0,0.0,0.0,0.0,0.0,0.0,0.0,0.0,2e-13,0.5028294164101504,1.4942718567931212,0.5023608829257071,0.0006205096694378936,0.0,0.00028433215143660874,0.0010890431540557712,1.7454782022223563e-13,0.0,0.0,0.0,0.0,5.432507843679583e-300,0.0,0.0,0.0,0.0,0.0,0.0,0.0,0.0,0.0,0.0,0.0,0.0,0.0,0.0,5.432507843679583e-300,0.0,0.0,0.0
20000,9.999999999999999e-14,0.0,0.0,0.0,0.0,0.0,0.0,0.0,0.0,2e-13,0.5152575284473689,1.4818331971409906,0.5147401429584444,0.000618265625646524,0.0,0.0002685460224670973,0.0011356511146813882,1.1070765307802471e-13,0.0,0.0,0.0,0.0,5.4594315134046404e-300,0.0,0.0,0.0,0.0,0.0,0.0,0.0,0.0,0.0,0.0,0.0,0.0,0.0,0.0,5.4594315134046404e-300,0.0,0.0,0.0
